,0,1,2,3,4,5,6,7,8,타수,안타,타점,득점,타율,name,구장,관중,날짜,개시시간,경기시간,team1,team2,9,10,11,12
0,유땅, ,유2병, ,투땅, , ,1비, ,4,0,0,0,0.300,이종범,구장 : 수원,"관중 : 1,012",2002.10.11(금),개시 : 18:29,경기시간 : 2:12,KIA,현대,,,,
1,삼진, ,삼진, , ,1땅, , , ,3,0,0,0,0.286,김종국,구장 : 수원,"관중 : 1,012",2002.10.11(금),개시 : 18:29,경기시간 : 2:12,KIA,현대,,,,
2, , , , , , , ,4구, ,0,0,0,0,0.246,장일현,구장 : 수원,"관중 : 1,012",2002.10.11(금),개시 : 18:29,경기시간 : 2:12,KIA,현대,,,,
3, , , , , , , , , ,0,0,0,0,0.167,김인철,구장 : 수원,"관중 : 1,012",2002.10.11(금),개시 : 18:29,경기시간 : 2:12,KIA,현대,,,,
4, , , , , , , , , ,0,0,0,0,0.222,김태룡,구장 : 수원,"관중 : 1,012",2002.10.11(금),개시 : 18:29,경기시간 : 2:12,KIA,현대,,,,
5,4구, , ,유땅, ,우2, ,4구, ,2,1,0,0,0.342,장성호,구장 : 수원,"관중 : 1,012",2002.10.11(금),개시 : 18:29,경기시간 : 2:12,KIA,현대,,,,
6,우안, , ,1파, ,3땅, ,삼진, ,4,1,0,0,0.251,홍세완,구장 : 수원,"관중 : 1,012",2002.10.11(금),개시 : 18:29,경기시간 : 2:12,KIA,현대,,,,
7,3땅, , ,2땅, ,중비, , ,3땅,4,0,0,0,0.272,펨버튼,구장 : 수원,"관중 : 1,012",2002.10.11(금),개시 : 18:29,경기시간 : 2:12,KIA,현대,,,,
8, ,3땅, , ,좌중2, ,삼진, ,우비,4,1,0,1,0.307,신동주,구장 : 수원,"관중 : 1,012",2002.10.11(금),개시 : 18:29,경기시간 : 2:12,KIA,현대,,,,
9, ,투직, , ,2땅, ,2땅, ,삼진,4,0,0,0,0.263,김경언,구장 : 수원,"관중 : 1,012",2002.10.11(금),개시 : 18:29,경기시간 : 2:12,KIA,현대,,,,
10, ,3땅, , ,유땅, ,중비, , ,3,0,1,0,0.228,김상훈,구장 : 수원,"관중 : 1,012",2002.10.11(금),개시 : 18:29,경기시간 : 2:12,KIA,현대,,,,
11, , ,4구, ,좌중3, , ,우비, ,2,1,0,0,0.295,정성훈,구장 : 수원,"관중 : 1,012",2002.10.11(금),개시 : 18:29,경기시간 : 2:12,KIA,현대,,,,
0,중안,삼진, , ,삼진, , ,4구, ,3,1,0,1,0.300,전준호,구장 : 수원,"관중 : 1,012",2002.10.11(금),개시 : 18:29,경기시간 : 2:12,현대,KIA,,,,
1, , , , , , , , , ,0,0,0,0,0.250,정수성,구장 : 수원,"관중 : 1,012",2002.10.11(금),개시 : 18:29,경기시간 : 2:12,현대,KIA,,,,
2,2땅, ,투땅, , ,우2, ,중비, ,4,1,0,0,0.232,조재호,구장 : 수원,"관중 : 1,012",2002.10.11(금),개시 : 18:29,경기시간 : 2:12,현대,KIA,,,,
3,우안, ,중비, , ,삼진, ,삼진, ,4,1,1,1,0.284,박재홍,구장 : 수원,"관중 : 1,012",2002.10.11(금),개시 : 18:29,경기시간 : 2:12,현대,KIA,,,,
4,중홈, ,삼진, , ,사구, , , ,2,1,2,1,0.290,프랭클린,구장 : 수원,"관중 : 1,012",2002.10.11(금),개시 : 18:29,경기시간 : 2:12,현대,KIA,,,,
5,우비, , ,삼진, ,32병, , , ,3,0,0,0,0.319,심정수,구장 : 수원,"관중 : 1,012",2002.10.11(금),개시 : 18:29,경기시간 : 2:12,현대,KIA,,,,
6,2땅, , ,3땅, , , , , ,2,0,0,0,0.282,이숭용,구장 : 수원,"관중 : 1,012",2002.10.11(금),개시 : 18:29,경기시간 : 2:12,현대,KIA,,,,
7, , , , , , ,2땅, , ,1,0,0,0,0.276,황윤성,구장 : 수원,"관중 : 1,012",2002.10.11(금),개시 : 18:29,경기시간 : 2:12,현대,KIA,,,,
8, ,2비, ,3땅, , ,3땅, , ,3,0,0,0,0.263,강귀태,구장 : 수원,"관중 : 1,012",2002.10.11(금),개시 : 18:29,경기시간 : 2:12,현대,KIA,,,,
9, , , , , , , , , ,0,0,0,0,0.205,박경완,구장 : 수원,"관중 : 1,012",2002.10.11(금),개시 : 18:29,경기시간 : 2:12,현대,KIA,,,,
10, ,유땅, , ,좌비, ,우비, , ,3,0,0,0,0.136,김일경,구장 : 수원,"관중 : 1,012",2002.10.11(금),개시 : 18:29,경기시간 : 2:12,현대,KIA,,,,
11, ,좌안, , ,유땅, , ,유땅, ,3,1,0,0,0.171,서한규,구장 : 수원,"관중 : 1,012",2002.10.11(금),개시 : 18:29,경기시간 : 2:12,현대,KIA,,,,
0,좌중2,4구, ,유땅, , ,4구, , ,2,1,0,1,0.317,이영우,구장 : 시민,"관중 : 1,585",2002.10.11(금),개시 : 18:30,경기시간 : 2:42,한화,삼성,,,,
1,투실,투유병, , , , , , , ,2,0,0,1,0.204,김수연,구장 : 시민,"관중 : 1,585",2002.10.11(금),개시 : 18:30,경기시간 : 2:42,한화,삼성,,,,
2, , , , ,좌안, , , , ,1,1,0,0,0.270,강석천,구장 : 시민,"관중 : 1,585",2002.10.11(금),개시 : 18:30,경기시간 : 2:42,한화,삼성,,,,
3, , , , , , , , , ,0,0,0,0,0.111,조윤채,구장 : 시민,"관중 : 1,585",2002.10.11(금),개시 : 18:30,경기시간 : 2:42,한화,삼성,,,,
4, , , , , , ,유2병, , ,1,0,0,0,0.200,조효상,구장 : 시민,"관중 : 1,585",2002.10.11(금),개시 : 18:30,경기시간 : 2:42,한화,삼성,,,,
5,유비, ,중안, ,우비, , ,유땅, ,4,1,0,0,0.292,송지만,구장 : 시민,"관중 : 1,585",2002.10.11(금),개시 : 18:30,경기시간 : 2:42,한화,삼성,,,,
6,4구, ,포파, ,삼진, , ,우비, ,3,0,0,1,0.244,이도형,구장 : 시민,"관중 : 1,585",2002.10.11(금),개시 : 18:30,경기시간 : 2:42,한화,삼성,,,,
7,중안, ,삼진, , ,우비, ,삼진, ,4,1,1,1,0.247,장종훈,구장 : 시민,"관중 : 1,585",2002.10.11(금),개시 : 18:30,경기시간 : 2:42,한화,삼성,,,,
8,우희비, ,좌비, , ,좌안, , ,1비,3,1,1,0,0.261,이범호,구장 : 시민,"관중 : 1,585",2002.10.11(금),개시 : 18:30,경기시간 : 2:42,한화,삼성,,,,
9,중2, , ,3땅, , , , , ,2,1,2,0,0.210,백재호,구장 : 시민,"관중 : 1,585",2002.10.11(금),개시 : 18:30,경기시간 : 2:42,한화,삼성,,,,
10, , , , , ,유2병, , , ,1,0,0,0,0.222,조현수,구장 : 시민,"관중 : 1,585",2002.10.11(금),개시 : 18:30,경기시간 : 2:42,한화,삼성,,,,
11, , , , , , , , ,유땅,1,0,0,0,0.219,임수민,구장 : 시민,"관중 : 1,585",2002.10.11(금),개시 : 18:30,경기시간 : 2:42,한화,삼성,,,,
12,우비, , ,우안, , ,우비, ,우비,4,1,0,0,0.273,허준,구장 : 시민,"관중 : 1,585",2002.10.11(금),개시 : 18:30,경기시간 : 2:42,한화,삼성,,,,
13, ,3땅, ,2비, , ,사구, , ,2,0,0,0,0.214,조경택,구장 : 시민,"관중 : 1,585",2002.10.11(금),개시 : 18:30,경기시간 : 2:42,한화,삼성,,,,
0,중비, , ,중안, ,중비, ,포파, ,4,1,0,0,0.283,강동우,구장 : 시민,"관중 : 1,585",2002.10.11(금),개시 : 18:30,경기시간 : 2:42,삼성,한화,,,,
1,좌비, , ,좌비, ,3파, , ,좌중안,4,1,0,1,0.270,박한이,구장 : 시민,"관중 : 1,585",2002.10.11(금),개시 : 18:30,경기시간 : 2:42,삼성,한화,,,,
2,2땅, , ,2파, , ,좌2, ,4구,3,1,0,2,0.328,이승엽,구장 : 시민,"관중 : 1,585",2002.10.11(금),개시 : 18:30,경기시간 : 2:42,삼성,한화,,,,
3, ,삼진, ,1파, , ,2땅, ,사구,3,0,0,1,0.280,브리또,구장 : 시민,"관중 : 1,585",2002.10.11(금),개시 : 18:30,경기시간 : 2:42,삼성,한화,,,,
4, ,유비, , ,1땅, ,좌안, ,중희비,3,1,2,0,0.319,마해영,구장 : 시민,"관중 : 1,585",2002.10.11(금),개시 : 18:30,경기시간 : 2:42,삼성,한화,,,,
5, ,삼진, , ,중비, ,우비, ,좌중홈,4,1,3,1,0.302,김한수,구장 : 시민,"관중 : 1,585",2002.10.11(금),개시 : 18:30,경기시간 : 2:42,삼성,한화,,,,
6, , ,삼진, ,삼진, ,2땅, , ,3,0,0,0,0.280,양준혁,구장 : 시민,"관중 : 1,585",2002.10.11(금),개시 : 18:30,경기시간 : 2:42,삼성,한화,,,,
7, , ,삼진, , ,좌파, ,삼진, ,3,0,0,0,0.280,진갑용,구장 : 시민,"관중 : 1,585",2002.10.11(금),개시 : 18:30,경기시간 : 2:42,삼성,한화,,,,
8, , ,2비, , , , , , ,1,0,0,0,0.242,박정환,구장 : 시민,"관중 : 1,585",2002.10.11(금),개시 : 18:30,경기시간 : 2:42,삼성,한화,,,,
9, , , , , ,중안, ,삼진, ,2,1,0,0,0.188,김승권,구장 : 시민,"관중 : 1,585",2002.10.11(금),개시 : 18:30,경기시간 : 2:42,삼성,한화,,,,
0,삼진, ,좌비, , , , , , ,2,0,0,0,0.228,조성환,구장 : 잠실,"관중 : 1,552",2002.10.11(금),개시 : 18:30,경기시간 : 2:50,롯데,두산,,,,
1, , , , , ,우안,2땅, ,삼진,3,1,1,1,0.206,김정현,구장 : 잠실,"관중 : 1,552",2002.10.11(금),개시 : 18:30,경기시간 : 2:50,롯데,두산,,,,
2,2땅, , ,포파, ,삼진,유비, , ,4,0,0,0,0.187,이우민,구장 : 잠실,"관중 : 1,552",2002.10.11(금),개시 : 18:30,경기시간 : 2:50,롯데,두산,,,,
3,3땅, , ,2땅, ,4구, ,포파, ,3,0,0,1,0.245,박정태,구장 : 잠실,"관중 : 1,552",2002.10.11(금),개시 : 18:30,경기시간 : 2:50,롯데,두산,,,,
4, , , , , , , , , ,0,0,0,0,0.161,박준서,구장 : 잠실,"관중 : 1,552",2002.10.11(금),개시 : 18:30,경기시간 : 2:50,롯데,두산,,,,
5, ,2땅, ,2땅, ,중안, ,삼진, ,4,1,2,1,0.276,김응국,구장 : 잠실,"관중 : 1,552",2002.10.11(금),개시 : 18:30,경기시간 : 2:50,롯데,두산,,,,
6, ,2땅, , ,3땅,삼진, ,삼진, ,4,0,0,0,0.258,박현승,구장 : 잠실,"관중 : 1,552",2002.10.11(금),개시 : 18:30,경기시간 : 2:50,롯데,두산,,,,
7, ,4구, , ,삼진,우2, , ,우홈,3,2,3,1,0.280,최기문,구장 : 잠실,"관중 : 1,552",2002.10.11(금),개시 : 18:30,경기시간 : 2:50,롯데,두산,,,,
8, ,2땅, , ,좌안,우비, , ,유땅,4,1,0,0,0.259,이동욱,구장 : 잠실,"관중 : 1,552",2002.10.11(금),개시 : 18:30,경기시간 : 2:50,롯데,두산,,,,
9, , ,중비, ,중비, ,4구, ,우중2,3,1,0,1,0.200,김주찬,구장 : 잠실,"관중 : 1,552",2002.10.11(금),개시 : 18:30,경기시간 : 2:50,롯데,두산,,,,
10, , ,삼진, , ,3안,우비, ,삼진,4,1,0,1,0.242,박기혁,구장 : 잠실,"관중 : 1,552",2002.10.11(금),개시 : 18:30,경기시간 : 2:50,롯데,두산,,,,
0,4구, ,중비,2직, , ,1비, , ,3,0,0,1,0.232,정수근,구장 : 잠실,"관중 : 1,552",2002.10.11(금),개시 : 18:30,경기시간 : 2:50,두산,롯데,,,,
1,3안, ,3땅,삼진, , ,중안, , ,4,2,1,1,0.278,장원진,구장 : 잠실,"관중 : 1,552",2002.10.11(금),개시 : 18:30,경기시간 : 2:50,두산,롯데,,,,
2,중안, ,3땅, ,유땅, , , , ,3,1,1,0,0.319,김동주,구장 : 잠실,"관중 : 1,552",2002.10.11(금),개시 : 18:30,경기시간 : 2:50,두산,롯데,,,,
3, , , , , , ,중안, , ,1,1,1,1,0.169,홍원기,구장 : 잠실,"관중 : 1,552",2002.10.11(금),개시 : 18:30,경기시간 : 2:50,두산,롯데,,,,
4,1비, , ,4구,삼진, ,삼진, , ,3,0,0,0,0.250,우즈,구장 : 잠실,"관중 : 1,552",2002.10.11(금),개시 : 18:30,경기시간 : 2:50,두산,롯데,,,,
5,3땅, , ,좌안,삼진, ,중안, , ,4,2,1,1,0.291,안경현,구장 : 잠실,"관중 : 1,552",2002.10.11(금),개시 : 18:30,경기시간 : 2:50,두산,롯데,,,,
6, ,중비, ,투번, ,1땅, ,4구, ,3,0,0,1,0.246,전상렬,구장 : 잠실,"관중 : 1,552",2002.10.11(금),개시 : 18:30,경기시간 : 2:50,두산,롯데,,,,
7, ,우2, ,우안, ,1땅, ,1땅, ,4,2,1,1,0.281,최경환,구장 : 잠실,"관중 : 1,552",2002.10.11(금),개시 : 18:30,경기시간 : 2:50,두산,롯데,,,,
8, ,2땅, ,좌홈, ,중비, ,중비, ,4,1,3,1,0.289,홍성흔,구장 : 잠실,"관중 : 1,552",2002.10.11(금),개시 : 18:30,경기시간 : 2:50,두산,롯데,,,,
9, ,우비, ,우중3, , ,4구,우비, ,3,1,0,1,0.155,김민호,구장 : 잠실,"관중 : 1,552",2002.10.11(금),개시 : 18:30,경기시간 : 2:50,두산,롯데,,,,
0,유안, ,우비, , ,삼진, ,우중안, ,4,2,0,1,0.306,유지현,구장 : 무등,"관중 : 1,375",2002.10.12(토),개시 : 16:59,경기시간 : 2:18,LG,KIA,,,,
1,투희번, , ,1땅, ,유땅, ,삼진, ,3,0,0,0,0.272,이종열,구장 : 무등,"관중 : 1,375",2002.10.12(토),개시 : 16:59,경기시간 : 2:18,LG,KIA,,,,
2,중희비, , ,좌안, ,좌안, ,좌비, ,3,2,1,0,0.290,박용택,구장 : 무등,"관중 : 1,375",2002.10.12(토),개시 : 16:59,경기시간 : 2:18,LG,KIA,,,,
3,삼진, , ,1파, ,유안, , ,유직,4,1,0,0,0.276,마르티네,구장 : 무등,"관중 : 1,375",2002.10.12(토),개시 : 16:59,경기시간 : 2:18,LG,KIA,,,,
4, ,좌비, ,삼진, ,2땅, , ,삼진,4,0,0,0,0.238,최동수,구장 : 무등,"관중 : 1,375",2002.10.12(토),개시 : 16:59,경기시간 : 2:18,LG,KIA,,,,
5, ,유비, , ,중비, ,좌안, ,우비,4,1,0,0,0.286,이병규,구장 : 무등,"관중 : 1,375",2002.10.12(토),개시 : 16:59,경기시간 : 2:18,LG,KIA,,,,
6, ,3땅, , ,4구, ,삼진, , ,2,0,0,0,0.264,조인성,구장 : 무등,"관중 : 1,375",2002.10.12(토),개시 : 16:59,경기시간 : 2:18,LG,KIA,,,,
7, , ,삼진, ,중비, ,좌파, , ,3,0,0,0,0.252,최만호,구장 : 무등,"관중 : 1,375",2002.10.12(토),개시 : 16:59,경기시간 : 2:18,LG,KIA,,,,
8, , ,3파, ,우비, ,3땅, , ,3,0,0,0,0.217,권용관,구장 : 무등,"관중 : 1,375",2002.10.12(토),개시 : 16:59,경기시간 : 2:18,LG,KIA,,,,
0,유비, , ,중비, ,삼진, , ,1희번,3,0,0,0,0.298,이종범,구장 : 무등,"관중 : 1,375",2002.10.12(토),개시 : 16:59,경기시간 : 2:18,KIA,LG,,,,
1,삼진, , ,4구, ,2땅, , ,중안,3,1,0,1,0.286,김종국,구장 : 무등,"관중 : 1,375",2002.10.12(토),개시 : 16:59,경기시간 : 2:18,KIA,LG,,,,
2,유땅, , ,1땅, , ,유땅, , ,3,0,0,0,0.340,장성호,구장 : 무등,"관중 : 1,375",2002.10.12(토),개시 : 16:59,경기시간 : 2:18,KIA,LG,,,,
3, ,삼진, ,중안, , ,삼진, , ,3,1,1,0,0.251,홍세완,구장 : 무등,"관중 : 1,375",2002.10.12(토),개시 : 16:59,경기시간 : 2:18,KIA,LG,,,,
4, ,삼진, ,우비, , ,유직, , ,3,0,0,0,0.268,펨버튼,구장 : 무등,"관중 : 1,375",2002.10.12(토),개시 : 16:59,경기시간 : 2:18,KIA,LG,,,,
5, ,삼진, , ,삼진, , ,중비, ,3,0,0,0,0.303,신동주,구장 : 무등,"관중 : 1,375",2002.10.12(토),개시 : 16:59,경기시간 : 2:18,KIA,LG,,,,
6, , ,투땅, ,3땅, , ,삼진, ,3,0,0,0,0.154,김인철,구장 : 무등,"관중 : 1,375",2002.10.12(토),개시 : 16:59,경기시간 : 2:18,KIA,LG,,,,
7, , ,우비, ,삼진, , ,우비, ,3,0,0,0,0.226,김상훈,구장 : 무등,"관중 : 1,375",2002.10.12(토),개시 : 16:59,경기시간 : 2:18,KIA,LG,,,,
8, , ,3땅, , ,좌안, , ,좌안,3,2,0,1,0.299,정성훈,구장 : 무등,"관중 : 1,375",2002.10.12(토),개시 : 16:59,경기시간 : 2:18,KIA,LG,,,,
0,삼진, ,2땅, ,우안, , ,좌안,우비,5,2,0,1,0.293,최익성,구장 : 시민,"관중 : 2,398",2002.10.12(토),개시 : 17:00,경기시간 : 3:15,현대,삼성,,,,
1,4구, ,중안, ,유2병, , ,4구, ,2,1,0,0,0.270,폴,구장 : 시민,"관중 : 2,398",2002.10.12(토),개시 : 17:00,경기시간 : 3:15,현대,삼성,,,,
2,삼진, ,우안, , ,삼진, , , ,3,1,0,0,0.284,박재홍,구장 : 시민,"관중 : 2,398",2002.10.12(토),개시 : 17:00,경기시간 : 3:15,현대,삼성,,,,
3, , , , , , , , , ,0,0,0,0,0.250,정수성,구장 : 시민,"관중 : 2,398",2002.10.12(토),개시 : 17:00,경기시간 : 3:15,현대,삼성,,,,
4, , , , , , , ,유2병, ,1,0,0,0,0.220,박진만,구장 : 시민,"관중 : 2,398",2002.10.12(토),개시 : 17:00,경기시간 : 3:15,현대,삼성,,,,
5, , , , , , , , , ,0,0,0,0,0.300,전준호,구장 : 시민,"관중 : 2,398",2002.10.12(토),개시 : 17:00,경기시간 : 3:15,현대,삼성,,,,
6,좌비, ,2직, , ,3안, ,좌안, ,4,2,1,0,0.320,심정수,구장 : 시민,"관중 : 2,398",2002.10.12(토),개시 : 17:00,경기시간 : 3:15,현대,삼성,,,,
7, , , , , , , , , ,0,0,0,0,0.000,전준호,구장 : 시민,"관중 : 2,398",2002.10.12(토),개시 : 17:00,경기시간 : 3:15,현대,삼성,,,,
8, ,삼진, ,우2, ,삼진, ,좌2, ,4,2,0,0,0.296,프랭클린,구장 : 시민,"관중 : 2,398",2002.10.12(토),개시 : 17:00,경기시간 : 3:15,현대,삼성,,,,
9, ,우안, ,삼진, ,2비, , , ,3,1,0,1,0.265,강귀태,구장 : 시민,"관중 : 2,398",2002.10.12(토),개시 : 17:00,경기시간 : 3:15,현대,삼성,,,,
10, , , , , , , , , ,0,0,0,0,0.205,박경완,구장 : 시민,"관중 : 2,398",2002.10.12(토),개시 : 17:00,경기시간 : 3:15,현대,삼성,,,,
11, , , , , , , ,유비, ,1,0,0,0,0.267,황윤성,구장 : 시민,"관중 : 2,398",2002.10.12(토),개시 : 17:00,경기시간 : 3:15,현대,삼성,,,,
12, , , , , , , , , ,0,0,0,0,0.000,김필중,구장 : 시민,"관중 : 2,398",2002.10.12(토),개시 : 17:00,경기시간 : 3:15,현대,삼성,,,,
13, ,우중3, , , , , , , ,1,1,1,0,0.149,김일경,구장 : 시민,"관중 : 2,398",2002.10.12(토),개시 : 17:00,경기시간 : 3:15,현대,삼성,,,,
14, , , ,좌비, , , , , ,1,0,0,0,0.229,조재호,구장 : 시민,"관중 : 2,398",2002.10.12(토),개시 : 17:00,경기시간 : 3:15,현대,삼성,,,,
15, , , , , , ,삼진, ,우홈,2,1,1,1,0.071,이용주,구장 : 시민,"관중 : 2,398",2002.10.12(토),개시 : 17:00,경기시간 : 3:15,현대,삼성,,,,
16, ,삼진, ,중비, , ,우비, ,삼진,4,0,0,0,0.000,전근표,구장 : 시민,"관중 : 2,398",2002.10.12(토),개시 : 17:00,경기시간 : 3:15,현대,삼성,,,,
17, ,유땅, , , , , , , ,1,0,0,0,0.167,서한규,구장 : 시민,"관중 : 2,398",2002.10.12(토),개시 : 17:00,경기시간 : 3:15,현대,삼성,,,,
18, , , , ,삼진, ,1땅, ,우중3,3,1,0,0,0.118,김민우,구장 : 시민,"관중 : 2,398",2002.10.12(토),개시 : 17:00,경기시간 : 3:15,현대,삼성,,,,
0,4구,2땅, ,좌안, ,우중2,유땅, , ,4,2,0,2,0.285,강동우,구장 : 시민,"관중 : 2,398",2002.10.12(토),개시 : 17:00,경기시간 : 3:15,삼성,현대,,,,
1,좌비, ,우안,좌희비, ,투희선, ,중안, ,3,2,1,3,0.273,박한이,구장 : 시민,"관중 : 2,398",2002.10.12(토),개시 : 17:00,경기시간 : 3:15,삼성,현대,,,,
2,좌안, ,1파,좌안, ,우중안, ,우2, ,5,4,2,3,0.333,이승엽,구장 : 시민,"관중 : 2,398",2002.10.12(토),개시 : 17:00,경기시간 : 3:15,삼성,현대,,,,
3,삼진, ,4구,우비, ,중비, ,2땅, ,4,0,0,0,0.277,브리또,구장 : 시민,"관중 : 2,398",2002.10.12(토),개시 : 17:00,경기시간 : 3:15,삼성,현대,,,,
4,4구, ,좌2,중2, ,좌홈, ,3땅, ,4,3,7,1,0.323,마해영,구장 : 시민,"관중 : 2,398",2002.10.12(토),개시 : 17:00,경기시간 : 3:15,삼성,현대,,,,
5,2직, ,삼진,유땅, ,우중안, ,3땅, ,5,1,0,0,0.301,김한수,구장 : 시민,"관중 : 2,398",2002.10.12(토),개시 : 17:00,경기시간 : 3:15,삼성,현대,,,,
6, ,우안,4구, ,중비, , , , ,2,1,0,0,0.281,양준혁,구장 : 시민,"관중 : 2,398",2002.10.12(토),개시 : 17:00,경기시간 : 3:15,삼성,현대,,,,
7, , , , , ,유2병, , , ,1,0,0,0,0.277,김종훈,구장 : 시민,"관중 : 2,398",2002.10.12(토),개시 : 17:00,경기시간 : 3:15,삼성,현대,,,,
8, , , , , , , , , ,0,0,0,0,0.115,임재철,구장 : 시민,"관중 : 2,398",2002.10.12(토),개시 : 17:00,경기시간 : 3:15,삼성,현대,,,,
9, ,1유병,1파, ,2땅, ,중비, , ,4,0,0,0,0.278,진갑용,구장 : 시민,"관중 : 2,398",2002.10.12(토),개시 : 17:00,경기시간 : 3:15,삼성,현대,,,,
10, ,4구, ,우중2,삼진, ,3땅, , ,3,1,0,1,0.243,박정환,구장 : 시민,"관중 : 2,398",2002.10.12(토),개시 : 17:00,경기시간 : 3:15,삼성,현대,,,,
0,1땅,1땅,중비, ,투땅, ,3파, ,투땅,6,0,1,0,0.222,조성환,구장 : 대전,관중 : 496,2002.10.12(토),개시 : 17:00,경기시간 : 2:49,롯데,한화,,,,
1,우안,사구,삼진, ,좌비, , ,삼진, ,4,1,0,2,0.188,이우민,구장 : 대전,관중 : 496,2002.10.12(토),개시 : 17:00,경기시간 : 2:49,롯데,한화,,,,
2,4구,4구, ,4구, ,삼진, , , ,1,0,1,2,0.244,박정태,구장 : 대전,관중 : 496,2002.10.12(토),개시 : 17:00,경기시간 : 2:49,롯데,한화,,,,
3, , , , , , , ,4구, ,0,0,0,0,0.193,신명철,구장 : 대전,관중 : 496,2002.10.12(토),개시 : 17:00,경기시간 : 2:49,롯데,한화,,,,
4,중안,중희비, ,우안, ,3비, , , ,3,2,2,0,0.280,김응국,구장 : 대전,관중 : 496,2002.10.12(토),개시 : 17:00,경기시간 : 2:49,롯데,한화,,,,
5, , , , , , , ,좌중2, ,1,1,0,0,0.196,권오현,구장 : 대전,관중 : 496,2002.10.12(토),개시 : 17:00,경기시간 : 2:49,롯데,한화,,,,
6,중안,투안, ,중비, ,삼진, ,2땅, ,5,2,1,0,0.282,최기문,구장 : 대전,관중 : 496,2002.10.12(토),개시 : 17:00,경기시간 : 2:49,롯데,한화,,,,
7,32병, , , , , , , , ,1,0,0,0,0.216,이계성,구장 : 대전,관중 : 496,2002.10.12(토),개시 : 17:00,경기시간 : 2:49,롯데,한화,,,,
8, ,4구, ,삼진, , , , , ,1,0,1,0,0.257,이동욱,구장 : 대전,관중 : 496,2002.10.12(토),개시 : 17:00,경기시간 : 2:49,롯데,한화,,,,
9, , , , , , ,2땅, , ,1,0,0,0,0.125,윤재국,구장 : 대전,관중 : 496,2002.10.12(토),개시 : 17:00,경기시간 : 2:49,롯데,한화,,,,
10, , , , , , , ,1비, ,1,0,0,0,0.199,김태균,구장 : 대전,관중 : 496,2002.10.12(토),개시 : 17:00,경기시간 : 2:49,롯데,한화,,,,
11, ,우중안/ 4구, ,삼진, , ,2땅, ,삼진,4,1,1,1,0.258,박현승,구장 : 대전,관중 : 496,2002.10.12(토),개시 : 17:00,경기시간 : 2:49,롯데,한화,,,,
12, ,사구/ 삼진, , ,중안, ,3안, ,우비,4,2,0,1,0.205,김주찬,구장 : 대전,관중 : 496,2002.10.12(토),개시 : 17:00,경기시간 : 2:49,롯데,한화,,,,
13, ,우중안,유땅, ,1파, ,좌중안, ,좌안,5,3,0,1,0.256,김정현,구장 : 대전,관중 : 496,2002.10.12(토),개시 : 17:00,경기시간 : 2:49,롯데,한화,,,,
0,중안, ,3안, ,3땅, ,3땅, ,2땅,5,2,0,1,0.264,이범호,구장 : 대전,관중 : 496,2002.10.12(토),개시 : 17:00,경기시간 : 2:49,한화,롯데,,,,
1,1땅, ,중안, ,유땅, , ,삼진, ,4,1,0,0,0.205,김수연,구장 : 대전,관중 : 496,2002.10.12(토),개시 : 17:00,경기시간 : 2:49,한화,롯데,,,,
2,중비, ,우안, , ,2비, ,좌2, ,4,2,1,0,0.293,송지만,구장 : 대전,관중 : 496,2002.10.12(토),개시 : 17:00,경기시간 : 2:49,한화,롯데,,,,
3, , , , , , , , , ,0,0,0,0,0.200,조효상,구장 : 대전,관중 : 496,2002.10.12(토),개시 : 17:00,경기시간 : 2:49,한화,롯데,,,,
4,유땅, ,유땅, , ,중비, ,유땅, ,4,0,0,0,0.253,김태균,구장 : 대전,관중 : 496,2002.10.12(토),개시 : 17:00,경기시간 : 2:49,한화,롯데,,,,
5, ,좌비,우비, , , , , , ,2,0,0,0,0.246,장종훈,구장 : 대전,관중 : 496,2002.10.12(토),개시 : 17:00,경기시간 : 2:49,한화,롯데,,,,
6, , , , , ,3땅, , , ,1,0,0,0,0.000,정성열,구장 : 대전,관중 : 496,2002.10.12(토),개시 : 17:00,경기시간 : 2:49,한화,롯데,,,,
7, , , , , , , ,4구, ,0,0,0,0,0.283,데이비스,구장 : 대전,관중 : 496,2002.10.12(토),개시 : 17:00,경기시간 : 2:49,한화,롯데,,,,
8, , , , , , , , , ,0,0,0,0,0.000,김홍집,구장 : 대전,관중 : 496,2002.10.12(토),개시 : 17:00,경기시간 : 2:49,한화,롯데,,,,
9, ,좌안, , , , , , , ,1,1,0,0,0.246,이도형,구장 : 대전,관중 : 496,2002.10.12(토),개시 : 17:00,경기시간 : 2:49,한화,롯데,,,,
10, , , , , , , , , ,0,0,0,0,0.000,김대원,구장 : 대전,관중 : 496,2002.10.12(토),개시 : 17:00,경기시간 : 2:49,한화,롯데,,,,
11, , , ,삼진, , , , , ,1,0,0,0,0.036,채상병,구장 : 대전,관중 : 496,2002.10.12(토),개시 : 17:00,경기시간 : 2:49,한화,롯데,,,,
12, , , , , , ,삼진, , ,1,0,0,0,0.167,조정권,구장 : 대전,관중 : 496,2002.10.12(토),개시 : 17:00,경기시간 : 2:49,한화,롯데,,,,
13, , , , , , , ,3땅, ,1,0,0,0,0.212,조경택,구장 : 대전,관중 : 496,2002.10.12(토),개시 : 17:00,경기시간 : 2:49,한화,롯데,,,,
14, ,우비, ,좌비, , ,사구, ,우중안,3,1,0,0,0.231,조현수,구장 : 대전,관중 : 496,2002.10.12(토),개시 : 17:00,경기시간 : 2:49,한화,롯데,,,,
15, ,4구, ,유땅, , ,삼진, , ,2,0,0,0,0.207,백재호,구장 : 대전,관중 : 496,2002.10.12(토),개시 : 17:00,경기시간 : 2:49,한화,롯데,,,,
16, , , , , , , , ,2땅,1,0,0,0,0.100,송혁,구장 : 대전,관중 : 496,2002.10.12(토),개시 : 17:00,경기시간 : 2:49,한화,롯데,,,,
17, , , , , , , , , ,0,0,0,0,0.111,조윤채,구장 : 대전,관중 : 496,2002.10.12(토),개시 : 17:00,경기시간 : 2:49,한화,롯데,,,,
18, ,3땅, , , , , , , ,1,0,0,0,0.272,허준,구장 : 대전,관중 : 496,2002.10.12(토),개시 : 17:00,경기시간 : 2:49,한화,롯데,,,,
19, , , , ,삼진, , , , ,1,0,0,0,0.316,이영우,구장 : 대전,관중 : 496,2002.10.12(토),개시 : 17:00,경기시간 : 2:49,한화,롯데,,,,
20, , , , , , ,우안, ,1파,2,1,0,0,0.221,임수민,구장 : 대전,관중 : 496,2002.10.12(토),개시 : 17:00,경기시간 : 2:49,한화,롯데,,,,
0,유땅, , , , , , , , ,1,0,0,0,0.300,전준호,구장 : 시민,"관중 : 2,648",2002.10.13(일),개시 : 14:00,경기시간 : 3:48,현대,삼성,,,,
1, , ,삼진,중안, ,삼진,삼진, ,우희비,4,1,2,0,0.290,최익성,구장 : 시민,"관중 : 2,648",2002.10.13(일),개시 : 14:00,경기시간 : 3:48,현대,삼성,,,,
2,2땅, ,좌중안,3땅, , , , , ,3,1,0,0,0.261,박종호,구장 : 시민,"관중 : 2,648",2002.10.13(일),개시 : 14:00,경기시간 : 3:48,현대,삼성,,,,
3, , , , , ,중안, ,중안,삼진,3,2,0,0,0.171,김일경,구장 : 시민,"관중 : 2,648",2002.10.13(일),개시 : 14:00,경기시간 : 3:48,현대,삼성,,,,
4,우비, ,삼진, ,삼진,유실, ,2병, ,5,0,0,0,0.281,박재홍,구장 : 시민,"관중 : 2,648",2002.10.13(일),개시 : 14:00,경기시간 : 3:48,현대,삼성,,,,
5, , , , , , , , , ,0,0,0,0,0.000,조용준,구장 : 시민,"관중 : 2,648",2002.10.13(일),개시 : 14:00,경기시간 : 3:48,현대,삼성,,,,
6, ,2비,3땅, ,삼진, ,우홈,4구, ,4,1,1,1,0.295,프랭클린,구장 : 시민,"관중 : 2,648",2002.10.13(일),개시 : 14:00,경기시간 : 3:48,현대,삼성,,,,
7, , , , , , , , , ,0,0,0,0,0.071,이용주,구장 : 시민,"관중 : 2,648",2002.10.13(일),개시 : 14:00,경기시간 : 3:48,현대,삼성,,,,
8, ,좌홈, ,좌중홈,4구, ,좌안,1땅, ,4,3,2,3,0.324,심정수,구장 : 시민,"관중 : 2,648",2002.10.13(일),개시 : 14:00,경기시간 : 3:48,현대,삼성,,,,
9, , , , , , , , , ,0,0,0,0,0.229,조재호,구장 : 시민,"관중 : 2,648",2002.10.13(일),개시 : 14:00,경기시간 : 3:48,현대,삼성,,,,
10, ,우홈, ,삼진,사구, ,좌안, ,4구,3,2,1,2,0.273,폴,구장 : 시민,"관중 : 2,648",2002.10.13(일),개시 : 14:00,경기시간 : 3:48,현대,삼성,,,,
11, , , , , , , , , ,0,0,0,1,0.250,정수성,구장 : 시민,"관중 : 2,648",2002.10.13(일),개시 : 14:00,경기시간 : 3:48,현대,삼성,,,,
12, ,1실, ,사구, , , , , ,1,0,0,0,0.263,강귀태,구장 : 시민,"관중 : 2,648",2002.10.13(일),개시 : 14:00,경기시간 : 3:48,현대,삼성,,,,
13, , , , , , , , , ,0,0,0,1,0.118,김민우,구장 : 시민,"관중 : 2,648",2002.10.13(일),개시 : 14:00,경기시간 : 3:48,현대,삼성,,,,
14, , , , ,삼진, ,투희실, ,우안,2,1,0,1,0.207,박경완,구장 : 시민,"관중 : 2,648",2002.10.13(일),개시 : 14:00,경기시간 : 3:48,현대,삼성,,,,
15, ,2땅, ,3직, ,4구, , , ,2,0,0,1,0.000,전근표,구장 : 시민,"관중 : 2,648",2002.10.13(일),개시 : 14:00,경기시간 : 3:48,현대,삼성,,,,
16, , , , , , ,투희번, , ,0,0,1,0,0.220,박진만,구장 : 시민,"관중 : 2,648",2002.10.13(일),개시 : 14:00,경기시간 : 3:48,현대,삼성,,,,
17, , , , , , , , ,우안,1,1,1,0,0.290,황윤성,구장 : 시민,"관중 : 2,648",2002.10.13(일),개시 : 14:00,경기시간 : 3:48,현대,삼성,,,,
18, ,3땅, ,4구, ,포파,2땅, ,1땅,4,0,1,0,0.150,서한규,구장 : 시민,"관중 : 2,648",2002.10.13(일),개시 : 14:00,경기시간 : 3:48,현대,삼성,,,,
0,우홈, ,중안,투땅, ,우안, ,좌안, ,5,4,1,1,0.291,강동우,구장 : 시민,"관중 : 2,648",2002.10.13(일),개시 : 14:00,경기시간 : 3:48,삼성,현대,,,,
1,좌안, ,3희번, ,1땅,좌비, ,2땅, ,4,1,0,1,0.273,박한이,구장 : 시민,"관중 : 2,648",2002.10.13(일),개시 : 14:00,경기시간 : 3:48,삼성,현대,,,,
2,우안, ,좌비, ,유비, ,1땅, ,우2,5,2,0,1,0.333,이승엽,구장 : 시민,"관중 : 2,648",2002.10.13(일),개시 : 14:00,경기시간 : 3:48,삼성,현대,,,,
3,좌희비, ,유땅, ,4구, ,중안, ,2비,3,1,1,0,0.278,브리또,구장 : 시민,"관중 : 2,648",2002.10.13(일),개시 : 14:00,경기시간 : 3:48,삼성,현대,,,,
4,4구, , ,좌안,4구, ,삼진, ,우비,3,1,0,1,0.323,마해영,구장 : 시민,"관중 : 2,648",2002.10.13(일),개시 : 14:00,경기시간 : 3:48,삼성,현대,,,,
5,2유병, , ,4구,3땅, ,좌안, ,중안,4,2,1,1,0.303,김한수,구장 : 시민,"관중 : 2,648",2002.10.13(일),개시 : 14:00,경기시간 : 3:48,삼성,현대,,,,
6, ,2땅, ,우안, ,좌중2,2비, ,삼진,5,2,0,1,0.283,양준혁,구장 : 시민,"관중 : 2,648",2002.10.13(일),개시 : 14:00,경기시간 : 3:48,삼성,현대,,,,
7, ,유땅, ,중안, ,중안, ,우파, ,4,2,2,0,0.280,진갑용,구장 : 시민,"관중 : 2,648",2002.10.13(일),개시 : 14:00,경기시간 : 3:48,삼성,현대,,,,
8, ,투땅, ,유2병, ,2유병, , , ,3,0,0,0,0.241,박정환,구장 : 시민,"관중 : 2,648",2002.10.13(일),개시 : 14:00,경기시간 : 3:48,삼성,현대,,,,
9, , , , , , , ,삼진, ,1,0,0,0,0.000,장영균,구장 : 시민,"관중 : 2,648",2002.10.13(일),개시 : 14:00,경기시간 : 3:48,삼성,현대,,,,
10, , , , , , , , , ,0,0,0,0,0.205,김재걸,구장 : 시민,"관중 : 2,648",2002.10.13(일),개시 : 14:00,경기시간 : 3:48,삼성,현대,,,,
0,좌2,좌2, ,우비, , ,중안,중안, ,6,4,0,2,0.313,유지현,구장 : 무등,"관중 : 1,550",2002.10.13(일),개시 : 14:00,경기시간 : 5:33,LG,KIA, ,투희번, ,유땅
1,2실,4구, , ,우2, ,투희번,1땅, ,5,2,0,1,0.287,이병규,구장 : 무등,"관중 : 1,550",2002.10.13(일),개시 : 14:00,경기시간 : 5:33,LG,KIA, ,1땅, ,좌안
2,우희비,삼진, , ,유직, ,4구, ,삼진,4,0,1,1,0.287,박용택,구장 : 무등,"관중 : 1,550",2002.10.13(일),개시 : 14:00,경기시간 : 5:33,LG,KIA, ,우비, ,고4
3,우비, ,4구, ,1땅, ,좌안, ,좌안,6,4,3,1,0.282,마르티네,구장 : 무등,"관중 : 1,550",2002.10.13(일),개시 : 14:00,경기시간 : 5:33,LG,KIA, , ,좌중홈,중안
4,4구, ,1병, ,4구, , , , ,1,0,0,0,0.252,이일의,구장 : 무등,"관중 : 1,550",2002.10.13(일),개시 : 14:00,경기시간 : 5:33,LG,KIA, , , , 
5, , , , , , , , , ,0,0,0,0,0.190,박연수,구장 : 무등,"관중 : 1,550",2002.10.13(일),개시 : 14:00,경기시간 : 5:33,LG,KIA, , , , 
6, , , , , , ,1파, ,삼진,3,1,0,0,0.167,김재학,구장 : 무등,"관중 : 1,550",2002.10.13(일),개시 : 14:00,경기시간 : 5:33,LG,KIA, , ,우안, 
7, , , , , , , , , ,0,0,0,1,0.252,최만호,구장 : 무등,"관중 : 1,550",2002.10.13(일),개시 : 14:00,경기시간 : 5:33,LG,KIA, , , , 
8, , , , , , , , , ,1,0,0,0,0.143,김용우,구장 : 무등,"관중 : 1,550",2002.10.13(일),개시 : 14:00,경기시간 : 5:33,LG,KIA, , , ,삼진
9,2땅, ,2땅, ,2땅, ,2땅, , ,6,0,0,0,0.267,이종열,구장 : 무등,"관중 : 1,550",2002.10.13(일),개시 : 14:00,경기시간 : 5:33,LG,KIA,2땅, ,3비,사구
10, ,2땅, ,2땅, ,좌비, ,포파, ,6,0,1,0,0.212,심성보,구장 : 무등,"관중 : 1,550",2002.10.13(일),개시 : 14:00,경기시간 : 5:33,LG,KIA,1땅, ,2땅,4구
11, ,좌중홈, ,3땅, ,삼진, ,좌안, ,7,3,2,1,0.267,조인성,구장 : 무등,"관중 : 1,550",2002.10.13(일),개시 : 14:00,경기시간 : 5:33,LG,KIA,3땅, ,중안,우비
12, ,유비, ,4구, ,1땅, ,삼진, ,3,0,0,0,0.212,손지환,구장 : 무등,"관중 : 1,550",2002.10.13(일),개시 : 14:00,경기시간 : 5:33,LG,KIA, , , , 
13, , , , , , , , , ,0,0,0,0,0.217,권용관,구장 : 무등,"관중 : 1,550",2002.10.13(일),개시 : 14:00,경기시간 : 5:33,LG,KIA, , , , 
14, , , , , , , , , ,0,0,0,0,0.238,최동수,구장 : 무등,"관중 : 1,550",2002.10.13(일),개시 : 14:00,경기시간 : 5:33,LG,KIA, ,4구, , 
15, , , , , , , , , ,1,0,0,0,0.185,김우석,구장 : 무등,"관중 : 1,550",2002.10.13(일),개시 : 14:00,경기시간 : 5:33,LG,KIA, , ,투땅, 
0,유비, ,4구,4구, ,중비, ,우비, ,5,1,2,0,0.297,이종범,구장 : 무등,"관중 : 1,550",2002.10.13(일),개시 : 14:00,경기시간 : 5:33,KIA,LG,중비, ,우중2, 
1,유땅, ,3비,중안, , ,유땅, ,3땅,7,1,2,0,0.284,김종국,구장 : 무등,"관중 : 1,550",2002.10.13(일),개시 : 14:00,경기시간 : 5:33,KIA,LG,삼진, ,우비, 
2,2땅, ,우비,중비, , ,2직, ,2땅,6,0,0,0,0.335,장성호,구장 : 무등,"관중 : 1,550",2002.10.13(일),개시 : 14:00,경기시간 : 5:33,KIA,LG, ,3파, ,사구
3, ,2비,유땅, ,우중2, ,좌2, , ,4,2,0,0,0.254,홍세완,구장 : 무등,"관중 : 1,550",2002.10.13(일),개시 : 14:00,경기시간 : 5:33,KIA,LG, , , , 
4, , , , , , , , ,우2,3,1,0,0,0.226,김태룡,구장 : 무등,"관중 : 1,550",2002.10.13(일),개시 : 14:00,경기시간 : 5:33,KIA,LG, ,포파, ,삼진
5, ,사구, ,유땅, , , , , ,1,0,0,0,0.267,펨버튼,구장 : 무등,"관중 : 1,550",2002.10.13(일),개시 : 14:00,경기시간 : 5:33,KIA,LG, , , , 
6, , , , ,1희번, , , , ,0,0,0,0,0.316,김민철,구장 : 무등,"관중 : 1,550",2002.10.13(일),개시 : 14:00,경기시간 : 5:33,KIA,LG, , , , 
7, , , , , , ,4구, ,4구,2,1,0,0,0.257,이현곤,구장 : 무등,"관중 : 1,550",2002.10.13(일),개시 : 14:00,경기시간 : 5:33,KIA,LG, ,유땅, ,좌안
8, ,4구, ,좌안,유땅, ,우비, ,삼진,6,2,0,2,0.304,신동주,구장 : 무등,"관중 : 1,550",2002.10.13(일),개시 : 14:00,경기시간 : 5:33,KIA,LG, , ,좌2,1파
9, ,4구, ,2직,삼진, , , , ,2,0,0,0,0.261,김경언,구장 : 무등,"관중 : 1,550",2002.10.13(일),개시 : 14:00,경기시간 : 5:33,KIA,LG, , , , 
10, , , , , , , ,3땅, ,2,1,0,0,0.171,김인철,구장 : 무등,"관중 : 1,550",2002.10.13(일),개시 : 14:00,경기시간 : 5:33,KIA,LG,중안, , , 
11, , , , , , , , , ,1,0,0,0,0.244,장일현,구장 : 무등,"관중 : 1,550",2002.10.13(일),개시 : 14:00,경기시간 : 5:33,KIA,LG, , ,중비, 
12, , , , , , , , , ,1,0,0,0,0.240,장정석,구장 : 무등,"관중 : 1,550",2002.10.13(일),개시 : 14:00,경기시간 : 5:33,KIA,LG, , , ,삼진
13, ,32병, ,2안, ,우파, ,4구, ,3,1,0,1,0.227,김상훈,구장 : 무등,"관중 : 1,550",2002.10.13(일),개시 : 14:00,경기시간 : 5:33,KIA,LG,1희번, , , 
14, , , , , , , , , ,1,0,0,0,0.215,김창희,구장 : 무등,"관중 : 1,550",2002.10.13(일),개시 : 14:00,경기시간 : 5:33,KIA,LG, , ,삼진, 
15, , , , , , , , , ,0,0,0,0,0.268,김지훈,구장 : 무등,"관중 : 1,550",2002.10.13(일),개시 : 14:00,경기시간 : 5:33,KIA,LG, , , , 
16, , ,4구,2안, ,2땅, ,2비, ,3,1,0,2,0.299,정성훈,구장 : 무등,"관중 : 1,550",2002.10.13(일),개시 : 14:00,경기시간 : 5:33,KIA,LG,고4, ,4구, 
0,사구,유땅, ,사구, , , , , ,1,0,0,2,0.221,조성환,구장 : 대전,관중 : 385,2002.10.13(일),개시 : 14:00,경기시간 : 2:44,롯데,한화,,,,
1, , , , , ,3비, ,우2, ,2,1,0,0,0.246,박기혁,구장 : 대전,관중 : 385,2002.10.13(일),개시 : 14:00,경기시간 : 2:44,롯데,한화,,,,
2,중비, ,우중2,2땅, , , , , ,3,1,0,0,0.219,이계성,구장 : 대전,관중 : 385,2002.10.13(일),개시 : 14:00,경기시간 : 2:44,롯데,한화,,,,
3, , , , , ,삼진, ,3땅, ,2,0,0,0,0.190,권오현,구장 : 대전,관중 : 385,2002.10.13(일),개시 : 14:00,경기시간 : 2:44,롯데,한화,,,,
4,4구, ,유땅,좌홈, , , , , ,2,1,2,1,0.246,박정태,구장 : 대전,관중 : 385,2002.10.13(일),개시 : 14:00,경기시간 : 2:44,롯데,한화,,,,
5, , , , , ,유실, , ,좌비,2,0,0,0,0.190,신명철,구장 : 대전,관중 : 385,2002.10.13(일),개시 : 14:00,경기시간 : 2:44,롯데,한화,,,,
6,우안, ,4구,우비, ,2땅, , , ,3,1,1,1,0.280,김응국,구장 : 대전,관중 : 385,2002.10.13(일),개시 : 14:00,경기시간 : 2:44,롯데,한화,,,,
7, , , , , , , , ,4구,0,0,0,1,0.241,엄정대,구장 : 대전,관중 : 385,2002.10.13(일),개시 : 14:00,경기시간 : 2:44,롯데,한화,,,,
8,유2병, ,4구, ,유땅, ,유비, ,우안,4,1,0,2,0.282,최기문,구장 : 대전,관중 : 385,2002.10.13(일),개시 : 14:00,경기시간 : 2:44,롯데,한화,,,,
9, ,좌안,우2, , , , , , ,2,2,2,1,0.270,허문회,구장 : 대전,관중 : 385,2002.10.13(일),개시 : 14:00,경기시간 : 2:44,롯데,한화,,,,
10, , , , ,삼진, ,유땅, ,우2,3,1,1,0,0.259,이동욱,구장 : 대전,관중 : 385,2002.10.13(일),개시 : 14:00,경기시간 : 2:44,롯데,한화,,,,
11, ,삼진,3땅, ,우중안, ,좌비, ,우희비,4,1,1,1,0.258,박현승,구장 : 대전,관중 : 385,2002.10.13(일),개시 : 14:00,경기시간 : 2:44,롯데,한화,,,,
12, ,중안, ,우홈,좌3, , ,삼진,3땅,5,3,3,1,0.213,김주찬,구장 : 대전,관중 : 385,2002.10.13(일),개시 : 14:00,경기시간 : 2:44,롯데,한화,,,,
13, ,중비, ,좌비,삼진, , ,우비, ,4,0,0,0,0.233,김정현,구장 : 대전,관중 : 385,2002.10.13(일),개시 : 14:00,경기시간 : 2:44,롯데,한화,,,,
0,3땅, ,4구,3땅, ,삼진, , , ,3,0,0,1,0.261,이범호,구장 : 대전,관중 : 385,2002.10.13(일),개시 : 14:00,경기시간 : 2:44,한화,롯데,,,,
1, , , , , , , , ,2땅,1,0,0,0,0.269,강석천,구장 : 대전,관중 : 385,2002.10.13(일),개시 : 14:00,경기시간 : 2:44,한화,롯데,,,,
2,유땅, ,좌안, ,중안, ,좌안, ,중비,5,3,0,1,0.286,조윤채,구장 : 대전,관중 : 385,2002.10.13(일),개시 : 14:00,경기시간 : 2:44,한화,롯데,,,,
3,4구, ,중안, ,중비, ,삼진, , ,3,1,1,0,0.294,송지만,구장 : 대전,관중 : 385,2002.10.13(일),개시 : 14:00,경기시간 : 2:44,한화,롯데,,,,
4, , , , , , , , , ,0,0,0,0,0.231,조현수,구장 : 대전,관중 : 385,2002.10.13(일),개시 : 14:00,경기시간 : 2:44,한화,롯데,,,,
5,삼진, ,유땅, ,중안, , , , ,3,1,0,0,0.246,이도형,구장 : 대전,관중 : 385,2002.10.13(일),개시 : 14:00,경기시간 : 2:44,한화,롯데,,,,
6, , , , , , , , , ,0,0,0,0,0.000,김대원,구장 : 대전,관중 : 385,2002.10.13(일),개시 : 14:00,경기시간 : 2:44,한화,롯데,,,,
7, , , , , , ,삼진, , ,1,0,0,0,0.282,데이비스,구장 : 대전,관중 : 385,2002.10.13(일),개시 : 14:00,경기시간 : 2:44,한화,롯데,,,,
8, ,유안, ,좌중2,유땅, , ,삼진, ,4,2,0,1,0.249,장종훈,구장 : 대전,관중 : 385,2002.10.13(일),개시 : 14:00,경기시간 : 2:44,한화,롯데,,,,
9, , , , , , , , , ,0,0,0,0,0.205,김수연,구장 : 대전,관중 : 385,2002.10.13(일),개시 : 14:00,경기시간 : 2:44,한화,롯데,,,,
10, ,우비, ,2땅, , , , , ,2,0,0,0,0.269,허준,구장 : 대전,관중 : 385,2002.10.13(일),개시 : 14:00,경기시간 : 2:44,한화,롯데,,,,
11, , , , ,1직, , ,좌비, ,2,0,0,0,0.219,임수민,구장 : 대전,관중 : 385,2002.10.13(일),개시 : 14:00,경기시간 : 2:44,한화,롯데,,,,
12, ,2유병, ,1파, , , , , ,2,0,0,0,0.205,백재호,구장 : 대전,관중 : 385,2002.10.13(일),개시 : 14:00,경기시간 : 2:44,한화,롯데,,,,
13, , , , , ,1땅, , , ,1,0,0,0,0.315,이영우,구장 : 대전,관중 : 385,2002.10.13(일),개시 : 14:00,경기시간 : 2:44,한화,롯데,,,,
14, , , , , , , , , ,0,0,0,0,0.000,서창호,구장 : 대전,관중 : 385,2002.10.13(일),개시 : 14:00,경기시간 : 2:44,한화,롯데,,,,
15, , , , , , , ,유땅, ,1,0,0,0,0.253,김태균,구장 : 대전,관중 : 385,2002.10.13(일),개시 : 14:00,경기시간 : 2:44,한화,롯데,,,,
16, , ,3땅,좌중2, ,삼진, , ,좌중2,4,2,1,1,0.263,조효상,구장 : 대전,관중 : 385,2002.10.13(일),개시 : 14:00,경기시간 : 2:44,한화,롯데,,,,
17, , ,유땅, , , , , , ,1,0,0,0,0.211,조경택,구장 : 대전,관중 : 385,2002.10.13(일),개시 : 14:00,경기시간 : 2:44,한화,롯데,,,,
18, , , ,우중2, ,유실, , ,우비,3,1,1,0,0.065,채상병,구장 : 대전,관중 : 385,2002.10.13(일),개시 : 14:00,경기시간 : 2:44,한화,롯데,,,,
0,삼진, ,삼진, ,4구, ,우비, ,좌비,4,0,0,0,0.217,조성환,구장 : 대전,관중 : 579,2002.10.13(일),개시 : 17:05,경기시간 : 2:51,롯데,한화,,,,
1,우안, , ,좌2,삼진, ,투땅, ,삼진,5,2,0,1,0.263,이동욱,구장 : 대전,관중 : 579,2002.10.13(일),개시 : 17:05,경기시간 : 2:51,롯데,한화,,,,
2,3땅, , ,1땅, ,좌비, ,좌안, ,4,1,0,0,0.246,박정태,구장 : 대전,관중 : 579,2002.10.13(일),개시 : 17:05,경기시간 : 2:51,롯데,한화,,,,
3, , , , , , , , , ,0,0,0,0,0.190,신명철,구장 : 대전,관중 : 579,2002.10.13(일),개시 : 17:05,경기시간 : 2:51,롯데,한화,,,,
4,삼진, , ,2땅, ,3파, ,좌안, ,4,1,1,0,0.280,김응국,구장 : 대전,관중 : 579,2002.10.13(일),개시 : 17:05,경기시간 : 2:51,롯데,한화,,,,
5, ,유땅, ,삼진, ,좌홈, ,삼진, ,4,1,1,1,0.257,박현승,구장 : 대전,관중 : 579,2002.10.13(일),개시 : 17:05,경기시간 : 2:51,롯데,한화,,,,
6, ,우2, , ,유땅,유땅, ,사구, ,3,1,0,0,0.215,김주찬,구장 : 대전,관중 : 579,2002.10.13(일),개시 : 17:05,경기시간 : 2:51,롯데,한화,,,,
7, , , , , , , , , ,0,0,0,0,0.241,엄정대,구장 : 대전,관중 : 579,2002.10.13(일),개시 : 17:05,경기시간 : 2:51,롯데,한화,,,,
8, ,2직, , ,중홈, ,2땅,투땅, ,4,1,1,1,0.234,김정현,구장 : 대전,관중 : 579,2002.10.13(일),개시 : 17:05,경기시간 : 2:51,롯데,한화,,,,
9, , ,유땅, ,2땅, , , , ,2,0,0,0,0.000,최준석,구장 : 대전,관중 : 579,2002.10.13(일),개시 : 17:05,경기시간 : 2:51,롯데,한화,,,,
10, , , , , , ,중안,삼진, ,2,1,0,0,0.283,최기문,구장 : 대전,관중 : 579,2002.10.13(일),개시 : 17:05,경기시간 : 2:51,롯데,한화,,,,
11, , ,투땅, ,4구, ,우안, , ,2,1,0,0,0.200,권오현,구장 : 대전,관중 : 579,2002.10.13(일),개시 : 17:05,경기시간 : 2:51,롯데,한화,,,,
12, , , , , , , , ,3파,1,0,0,0,0.269,허문회,구장 : 대전,관중 : 579,2002.10.13(일),개시 : 17:05,경기시간 : 2:51,롯데,한화,,,,
0,좌비, ,좌안, ,우안, ,4구, , ,3,2,0,1,0.274,강석천,구장 : 대전,관중 : 579,2002.10.13(일),개시 : 17:05,경기시간 : 2:51,한화,롯데,,,,
1,좌안, ,좌안, ,유2병, ,투희번, , ,3,2,1,0,0.318,이영우,구장 : 대전,관중 : 579,2002.10.13(일),개시 : 17:05,경기시간 : 2:51,한화,롯데,,,,
2,삼진, ,2유병, ,좌중홈, ,고4, , ,3,1,1,1,0.294,송지만,구장 : 대전,관중 : 579,2002.10.13(일),개시 : 17:05,경기시간 : 2:51,한화,롯데,,,,
3,삼진, , ,우중홈,우안, ,좌안, , ,4,3,1,1,0.287,데이비스,구장 : 대전,관중 : 579,2002.10.13(일),개시 : 17:05,경기시간 : 2:51,한화,롯데,,,,
4, ,중비, ,중2,유땅, ,우희비, , ,3,1,1,1,0.250,장종훈,구장 : 대전,관중 : 579,2002.10.13(일),개시 : 17:05,경기시간 : 2:51,한화,롯데,,,,
5, ,좌비, ,우비, ,3비, , , ,3,0,0,0,0.244,이도형,구장 : 대전,관중 : 579,2002.10.13(일),개시 : 17:05,경기시간 : 2:51,한화,롯데,,,,
6, , , , , , ,1직, , ,1,0,0,0,0.209,조경택,구장 : 대전,관중 : 579,2002.10.13(일),개시 : 17:05,경기시간 : 2:51,한화,롯데,,,,
7, ,투땅, ,사구, ,4구, ,중비, ,2,0,0,0,0.259,이범호,구장 : 대전,관중 : 579,2002.10.13(일),개시 : 17:05,경기시간 : 2:51,한화,롯데,,,,
8, , ,우안,좌희비, ,2안, ,투땅, ,3,2,1,0,0.223,임수민,구장 : 대전,관중 : 579,2002.10.13(일),개시 : 17:05,경기시간 : 2:51,한화,롯데,,,,
9, , ,4구,2땅, ,유2병, ,2땅, ,3,0,0,1,0.265,허준,구장 : 대전,관중 : 579,2002.10.13(일),개시 : 17:05,경기시간 : 2:51,한화,롯데,,,,
0,3땅, ,중비,좌비,우비, ,좌홈, , ,5,1,1,1,0.296,이종범,구장 : 시민,"관중 : 1,089",2002.10.14(월),개시 : 14:59,경기시간 : 2:51,KIA,삼성,,,,
1, , , , , , , ,좌비, ,1,0,0,0,0.215,김창희,구장 : 시민,"관중 : 1,089",2002.10.14(월),개시 : 14:59,경기시간 : 2:51,KIA,삼성,,,,
2,4구, ,4구,유안, ,중비,우안, ,중비,4,2,0,2,0.286,김종국,구장 : 시민,"관중 : 1,089",2002.10.14(월),개시 : 14:59,경기시간 : 2:51,KIA,삼성,,,,
3,우안, ,우홈,4구, ,좌안,좌안, , ,4,4,2,2,0.341,장성호,구장 : 시민,"관중 : 1,089",2002.10.14(월),개시 : 14:59,경기시간 : 2:51,KIA,삼성,,,,
4, , , , , , , , ,좌안,1,1,0,0,0.250,오우진,구장 : 시민,"관중 : 1,089",2002.10.14(월),개시 : 14:59,경기시간 : 2:51,KIA,삼성,,,,
5,1비, ,유땅,좌비, ,좌안,우희비, , ,4,1,1,1,0.254,홍세완,구장 : 시민,"관중 : 1,089",2002.10.14(월),개시 : 14:59,경기시간 : 2:51,KIA,삼성,,,,
6, , , , , , , , , ,0,0,0,0,0.226,김태룡,구장 : 시민,"관중 : 1,089",2002.10.14(월),개시 : 14:59,경기시간 : 2:51,KIA,삼성,,,,
7, , , , , , , , ,좌안,1,1,0,0,0.265,이현곤,구장 : 시민,"관중 : 1,089",2002.10.14(월),개시 : 14:59,경기시간 : 2:51,KIA,삼성,,,,
8,삼진, ,2안, ,유땅,좌비,중비, ,우비,6,1,0,0,0.265,펨버튼,구장 : 시민,"관중 : 1,089",2002.10.14(월),개시 : 14:59,경기시간 : 2:51,KIA,삼성,,,,
9, ,3땅,좌안, ,좌2,4구, ,좌홈, ,4,3,1,2,0.311,신동주,구장 : 시민,"관중 : 1,089",2002.10.14(월),개시 : 14:59,경기시간 : 2:51,KIA,삼성,,,,
10, , , , , , , , ,좌비,1,0,0,0,0.237,장정석,구장 : 시민,"관중 : 1,089",2002.10.14(월),개시 : 14:59,경기시간 : 2:51,KIA,삼성,,,,
11, ,좌2,중비, ,좌안,좌2, ,우안, ,5,4,3,0,0.239,김인철,구장 : 시민,"관중 : 1,089",2002.10.14(월),개시 : 14:59,경기시간 : 2:51,KIA,삼성,,,,
12, ,삼진, ,2땅,중비,우비, ,유땅, ,5,0,0,0,0.223,김상훈,구장 : 시민,"관중 : 1,089",2002.10.14(월),개시 : 14:59,경기시간 : 2:51,KIA,삼성,,,,
13, ,좌비, ,우안,사구, ,2비,좌비, ,4,1,0,0,0.298,정성훈,구장 : 시민,"관중 : 1,089",2002.10.14(월),개시 : 14:59,경기시간 : 2:51,KIA,삼성,,,,
0,4구, ,2땅, , ,유땅, ,3파, ,3,0,0,0,0.289,강동우,구장 : 시민,"관중 : 1,089",2002.10.14(월),개시 : 14:59,경기시간 : 2:51,삼성,KIA,,,,
1, , , , , , , , ,사구,0,0,0,0,0.115,임재철,구장 : 시민,"관중 : 1,089",2002.10.14(월),개시 : 14:59,경기시간 : 2:51,삼성,KIA,,,,
2,1희번, ,1땅, , ,삼진, ,4구,2땅,3,0,0,1,0.271,박한이,구장 : 시민,"관중 : 1,089",2002.10.14(월),개시 : 14:59,경기시간 : 2:51,삼성,KIA,,,,
3,삼진, , ,우비, , ,삼진,좌안, ,4,1,0,0,0.333,이승엽,구장 : 시민,"관중 : 1,089",2002.10.14(월),개시 : 14:59,경기시간 : 2:51,삼성,KIA,,,,
4, , , , , , , , , ,0,0,0,0,0.000,권혁,구장 : 시민,"관중 : 1,089",2002.10.14(월),개시 : 14:59,경기시간 : 2:51,삼성,KIA,,,,
5,3직, , ,삼진, , ,유안, , ,3,1,0,0,0.278,브리또,구장 : 시민,"관중 : 1,089",2002.10.14(월),개시 : 14:59,경기시간 : 2:51,삼성,KIA,,,,
6, , , , , , , , , ,0,0,0,1,0.000,이태호,구장 : 시민,"관중 : 1,089",2002.10.14(월),개시 : 14:59,경기시간 : 2:51,삼성,KIA,,,,
7, , , , , , , ,3땅, ,1,0,1,0,0.186,김승권,구장 : 시민,"관중 : 1,089",2002.10.14(월),개시 : 14:59,경기시간 : 2:51,삼성,KIA,,,,
8, ,중안, ,삼진, , ,중안,1파, ,4,2,0,0,0.324,마해영,구장 : 시민,"관중 : 1,089",2002.10.14(월),개시 : 14:59,경기시간 : 2:51,삼성,KIA,,,,
9, ,투땅, , ,우안, ,삼진, ,중안,4,2,0,0,0.305,김한수,구장 : 시민,"관중 : 1,089",2002.10.14(월),개시 : 14:59,경기시간 : 2:51,삼성,KIA,,,,
10, , , , , , , , , ,0,0,0,0,0.000,최형우,구장 : 시민,"관중 : 1,089",2002.10.14(월),개시 : 14:59,경기시간 : 2:51,삼성,KIA,,,,
11, ,유직, , ,2유병, , , , ,2,0,0,0,0.281,양준혁,구장 : 시민,"관중 : 1,089",2002.10.14(월),개시 : 14:59,경기시간 : 2:51,삼성,KIA,,,,
12, , , , , , , , , ,0,0,0,0,0.205,김재걸,구장 : 시민,"관중 : 1,089",2002.10.14(월),개시 : 14:59,경기시간 : 2:51,삼성,KIA,,,,
13, , , , , , ,4구, , ,0,0,0,0,0.000,장영균,구장 : 시민,"관중 : 1,089",2002.10.14(월),개시 : 14:59,경기시간 : 2:51,삼성,KIA,,,,
14, , , , , , , , ,1파,1,0,0,0,0.214,현재윤,구장 : 시민,"관중 : 1,089",2002.10.14(월),개시 : 14:59,경기시간 : 2:51,삼성,KIA,,,,
15, , ,중안, ,유땅, ,유안, , ,3,2,1,0,0.283,진갑용,구장 : 시민,"관중 : 1,089",2002.10.14(월),개시 : 14:59,경기시간 : 2:51,삼성,KIA,,,,
16, , , , , , , , ,삼진,1,0,0,0,0.000,조동찬,구장 : 시민,"관중 : 1,089",2002.10.14(월),개시 : 14:59,경기시간 : 2:51,삼성,KIA,,,,
17, , ,1희번, , , , , , ,0,0,0,0,0.241,박정환,구장 : 시민,"관중 : 1,089",2002.10.14(월),개시 : 14:59,경기시간 : 2:51,삼성,KIA,,,,
18, , , , , ,우비,유땅, ,우안,3,1,0,0,0.277,김종훈,구장 : 시민,"관중 : 1,089",2002.10.14(월),개시 : 14:59,경기시간 : 2:51,삼성,KIA,,,,
0,우비, ,삼진, ,4구, ,중3,유땅, ,4,1,0,1,0.296,이종범,구장 : 시민,"관중 : 2,520",2002.10.14(월),개시 : 18:12,경기시간 : 3:04,KIA,삼성,,,,
1,2땅, ,유땅, ,중안, ,4구, ,중안,4,2,0,1,0.288,김종국,구장 : 시민,"관중 : 2,520",2002.10.14(월),개시 : 18:12,경기시간 : 3:04,KIA,삼성,,,,
2,1비, , ,우중2,3땅, ,4구, ,유병,4,1,0,0,0.340,장성호,구장 : 시민,"관중 : 2,520",2002.10.14(월),개시 : 18:12,경기시간 : 3:04,KIA,삼성,,,,
3, ,우비, ,4구, ,좌안,우안, ,삼진,4,2,2,0,0.256,홍세완,구장 : 시민,"관중 : 2,520",2002.10.14(월),개시 : 18:12,경기시간 : 3:04,KIA,삼성,,,,
4, ,유땅, , , , , , , ,1,0,0,0,0.264,펨버튼,구장 : 시민,"관중 : 2,520",2002.10.14(월),개시 : 18:12,경기시간 : 3:04,KIA,삼성,,,,
5, , , ,3비, ,삼진, , , ,2,0,0,0,0.300,김민철,구장 : 시민,"관중 : 2,520",2002.10.14(월),개시 : 18:12,경기시간 : 3:04,KIA,삼성,,,,
6, , , , , , ,삼진, , ,1,0,0,0,0.231,오우진,구장 : 시민,"관중 : 2,520",2002.10.14(월),개시 : 18:12,경기시간 : 3:04,KIA,삼성,,,,
7, ,중비, ,우비, ,삼진, ,유땅, ,4,0,0,0,0.306,신동주,구장 : 시민,"관중 : 2,520",2002.10.14(월),개시 : 18:12,경기시간 : 3:04,KIA,삼성,,,,
8, , , , , , , , , ,0,0,0,0,0.215,김창희,구장 : 시민,"관중 : 2,520",2002.10.14(월),개시 : 18:12,경기시간 : 3:04,KIA,삼성,,,,
9, , ,삼진, , , , , , ,1,0,0,0,0.234,김인철,구장 : 시민,"관중 : 2,520",2002.10.14(월),개시 : 18:12,경기시간 : 3:04,KIA,삼성,,,,
10, , , ,삼진, ,삼진, ,중안, ,3,1,0,1,0.262,김경언,구장 : 시민,"관중 : 2,520",2002.10.14(월),개시 : 18:12,경기시간 : 3:04,KIA,삼성,,,,
11, , ,4구, ,중비, ,2땅,투희번, ,2,0,0,1,0.222,김상훈,구장 : 시민,"관중 : 2,520",2002.10.14(월),개시 : 18:12,경기시간 : 3:04,KIA,삼성,,,,
12, , ,중홈, ,삼진, ,삼진,중홈, ,4,2,4,2,0.301,정성훈,구장 : 시민,"관중 : 2,520",2002.10.14(월),개시 : 18:12,경기시간 : 3:04,KIA,삼성,,,,
0,삼진, ,좌비, ,투땅, , ,2파, ,4,0,0,0,0.286,강동우,구장 : 시민,"관중 : 2,520",2002.10.14(월),개시 : 18:12,경기시간 : 3:04,삼성,KIA,,,,
1,중비, , ,우홈,유파, , ,2유병, ,4,1,1,1,0.271,박한이,구장 : 시민,"관중 : 2,520",2002.10.14(월),개시 : 18:12,경기시간 : 3:04,삼성,KIA,,,,
2,유비, , ,유비, ,삼진, , ,좌홈,4,1,1,1,0.332,이승엽,구장 : 시민,"관중 : 2,520",2002.10.14(월),개시 : 18:12,경기시간 : 3:04,삼성,KIA,,,,
3, ,우안, ,우2, ,3땅, , ,투땅,4,2,0,1,0.326,마해영,구장 : 시민,"관중 : 2,520",2002.10.14(월),개시 : 18:12,경기시간 : 3:04,삼성,KIA,,,,
4, ,중비, ,좌홈, ,삼진, , ,좌안,4,2,2,2,0.280,브리또,구장 : 시민,"관중 : 2,520",2002.10.14(월),개시 : 18:12,경기시간 : 3:04,삼성,KIA,,,,
5, ,중비, ,2땅, , ,유안, ,좌홈,4,2,2,1,0.306,김한수,구장 : 시민,"관중 : 2,520",2002.10.14(월),개시 : 18:12,경기시간 : 3:04,삼성,KIA,,,,
6, ,1파, ,우중홈, , ,우비, , ,3,1,1,1,0.282,양준혁,구장 : 시민,"관중 : 2,520",2002.10.14(월),개시 : 18:12,경기시간 : 3:04,삼성,KIA,,,,
7, , ,좌비,삼진, , ,32병, , ,3,0,0,0,0.281,진갑용,구장 : 시민,"관중 : 2,520",2002.10.14(월),개시 : 18:12,경기시간 : 3:04,삼성,KIA,,,,
8, , ,삼진, ,2비, , , , ,2,0,0,0,0.239,박정환,구장 : 시민,"관중 : 2,520",2002.10.14(월),개시 : 18:12,경기시간 : 3:04,삼성,KIA,,,,
9, , , , , , , ,유안, ,1,1,0,0,0.281,김종훈,구장 : 시민,"관중 : 2,520",2002.10.14(월),개시 : 18:12,경기시간 : 3:04,삼성,KIA,,,,
10, , , , , , , , , ,0,0,0,0,0.205,김재걸,구장 : 시민,"관중 : 2,520",2002.10.14(월),개시 : 18:12,경기시간 : 3:04,삼성,KIA,,,,
0,4구,유땅, ,4구,4구, , , , ,1,0,0,2,0.317,이영우,구장 : 문학,관중 : 665,2002.10.14(월),개시 : 18:30,경기시간 : 2:44,한화,SK,,,,
1, , , , , , ,2땅, ,유비,2,0,1,0,0.203,김수연,구장 : 문학,관중 : 665,2002.10.14(월),개시 : 18:30,경기시간 : 2:44,한화,SK,,,,
2,중안,4구, ,좌2,1땅, ,삼진, , ,4,2,0,3,0.333,조윤채,구장 : 문학,관중 : 665,2002.10.14(월),개시 : 18:30,경기시간 : 2:44,한화,SK,,,,
3,우안,중안, ,좌안,포땅, , ,3땅, ,5,3,4,1,0.281,강석천,구장 : 문학,관중 : 665,2002.10.14(월),개시 : 18:30,경기시간 : 2:44,한화,SK,,,,
4,좌2,우비, ,삼진, ,삼진, , , ,4,1,1,1,0.294,송지만,구장 : 문학,관중 : 665,2002.10.14(월),개시 : 18:30,경기시간 : 2:44,한화,SK,,,,
5, , , , , , , , , ,0,0,0,0,0.263,조효상,구장 : 문학,관중 : 665,2002.10.14(월),개시 : 18:30,경기시간 : 2:44,한화,SK,,,,
6, , , , , , , ,좌비, ,1,0,0,0,0.225,조현수,구장 : 문학,관중 : 665,2002.10.14(월),개시 : 18:30,경기시간 : 2:44,한화,SK,,,,
7,삼진, ,유땅,좌홈, ,삼진, ,3실, ,5,1,3,2,0.249,장종훈,구장 : 문학,관중 : 665,2002.10.14(월),개시 : 18:30,경기시간 : 2:44,한화,SK,,,,
8, , , , , , , , , ,0,0,0,0,0.000,서창호,구장 : 문학,관중 : 665,2002.10.14(월),개시 : 18:30,경기시간 : 2:44,한화,SK,,,,
9,좌안, ,유땅,좌2, ,중비, , , ,4,2,1,1,0.226,임수민,구장 : 문학,관중 : 665,2002.10.14(월),개시 : 18:30,경기시간 : 2:44,한화,SK,,,,
10, , , , , , , ,우안, ,1,1,1,0,0.255,김태균,구장 : 문학,관중 : 665,2002.10.14(월),개시 : 18:30,경기시간 : 2:44,한화,SK,,,,
11,중비, ,좌안,좌홈, , ,우중2,유비, ,5,3,2,2,0.265,이범호,구장 : 문학,관중 : 665,2002.10.14(월),개시 : 18:30,경기시간 : 2:44,한화,SK,,,,
12, ,삼진,삼진,삼진, , , , , ,3,0,0,0,0.202,백재호,구장 : 문학,관중 : 665,2002.10.14(월),개시 : 18:30,경기시간 : 2:44,한화,SK,,,,
13, , , , , , ,우2, , ,1,1,1,1,0.289,데이비스,구장 : 문학,관중 : 665,2002.10.14(월),개시 : 18:30,경기시간 : 2:44,한화,SK,,,,
14, , , , , , , , ,유땅,1,0,0,0,0.263,허준,구장 : 문학,관중 : 665,2002.10.14(월),개시 : 18:30,경기시간 : 2:44,한화,SK,,,,
15, ,좌2, ,유비,2땅, ,2땅, , ,4,1,0,1,0.211,조경택,구장 : 문학,관중 : 665,2002.10.14(월),개시 : 18:30,경기시간 : 2:44,한화,SK,,,,
16, , , , , , , , ,삼진,1,0,0,0,0.063,채상병,구장 : 문학,관중 : 665,2002.10.14(월),개시 : 18:30,경기시간 : 2:44,한화,SK,,,,
0,유비, ,2땅, , ,좌비,3파, , ,4,0,0,0,0.310,이진영,구장 : 문학,관중 : 665,2002.10.14(월),개시 : 18:30,경기시간 : 2:44,SK,한화,,,,
1,중비, , ,우비, ,유안, , , ,3,1,0,1,0.262,정경배,구장 : 문학,관중 : 665,2002.10.14(월),개시 : 18:30,경기시간 : 2:44,SK,한화,,,,
2, , , , , , , ,2비, ,1,0,0,0,0.254,최태원,구장 : 문학,관중 : 665,2002.10.14(월),개시 : 18:30,경기시간 : 2:44,SK,한화,,,,
3,중비, , ,삼진, ,우중안, ,유땅, ,4,1,1,0,0.254,김기태,구장 : 문학,관중 : 665,2002.10.14(월),개시 : 18:30,경기시간 : 2:44,SK,한화,,,,
4, ,유땅, ,삼진, ,좌안, ,중비, ,4,1,1,0,0.277,페르난데,구장 : 문학,관중 : 665,2002.10.14(월),개시 : 18:30,경기시간 : 2:44,SK,한화,,,,
5, ,2땅, , ,2땅,2비, , , ,3,0,0,0,0.288,채종범,구장 : 문학,관중 : 665,2002.10.14(월),개시 : 18:30,경기시간 : 2:44,SK,한화,,,,
6, , , , , , , , ,1땅,1,0,0,0,0.257,양현석,구장 : 문학,관중 : 665,2002.10.14(월),개시 : 18:30,경기시간 : 2:44,SK,한화,,,,
7, ,유땅, , ,좌비, ,중비, , ,3,0,0,0,0.286,이호준,구장 : 문학,관중 : 665,2002.10.14(월),개시 : 18:30,경기시간 : 2:44,SK,한화,,,,
8, , , , , , , , ,1땅,1,0,0,0,0.143,강혁,구장 : 문학,관중 : 665,2002.10.14(월),개시 : 18:30,경기시간 : 2:44,SK,한화,,,,
9, , ,3땅, ,1땅, , , , ,2,0,0,0,0.282,잉글린,구장 : 문학,관중 : 665,2002.10.14(월),개시 : 18:30,경기시간 : 2:44,SK,한화,,,,
10, , , , , , ,3땅, ,좌안,2,1,0,0,0.270,조원우,구장 : 문학,관중 : 665,2002.10.14(월),개시 : 18:30,경기시간 : 2:44,SK,한화,,,,
11, , ,좌2, , ,1파, , , ,2,1,0,0,0.242,김동수,구장 : 문학,관중 : 665,2002.10.14(월),개시 : 18:30,경기시간 : 2:44,SK,한화,,,,
12, , , , , , ,중안, ,3땅,2,1,0,0,0.222,양용모,구장 : 문학,관중 : 665,2002.10.14(월),개시 : 18:30,경기시간 : 2:44,SK,한화,,,,
13, , ,우파, , ,4구,좌2, , ,2,1,0,1,0.259,김민재,구장 : 문학,관중 : 665,2002.10.14(월),개시 : 18:30,경기시간 : 2:44,SK,한화,,,,
14, , , , , , , , , ,0,0,0,0,0.231,송재익,구장 : 문학,관중 : 665,2002.10.14(월),개시 : 18:30,경기시간 : 2:44,SK,한화,,,,
0,유땅,우안, , , , , , , ,2,1,0,0,0.300,전준호,구장 : 사직,관중 : 147,2002.10.15(화),개시 : 18:29,경기시간 : 3:14,현대,롯데,,,,
1, , , ,4구, ,유땅, ,2비, ,2,0,0,0,0.281,최익성,구장 : 사직,관중 : 147,2002.10.15(화),개시 : 18:29,경기시간 : 3:14,현대,롯데,,,,
2,중안,중비, ,4구, , , , , ,2,1,0,1,0.262,박종호,구장 : 사직,관중 : 147,2002.10.15(화),개시 : 18:29,경기시간 : 3:14,현대,롯데,,,,
3, , , , , , ,1안, , ,1,1,0,1,0.183,김일경,구장 : 사직,관중 : 147,2002.10.15(화),개시 : 18:29,경기시간 : 3:14,현대,롯데,,,,
4, , , , , , , ,좌2, ,1,1,0,0,0.143,김민우,구장 : 사직,관중 : 147,2002.10.15(화),개시 : 18:29,경기시간 : 3:14,현대,롯데,,,,
5,우안,2땅, ,1비, , ,4구,중비, ,4,1,0,2,0.294,프랭클린,구장 : 사직,관중 : 147,2002.10.15(화),개시 : 18:29,경기시간 : 3:14,현대,롯데,,,,
6,우파, ,중비,3땅, , ,삼진, ,우비,5,0,0,0,0.320,심정수,구장 : 사직,관중 : 147,2002.10.15(화),개시 : 18:29,경기시간 : 3:14,현대,롯데,,,,
7,4구, ,투땅, ,4구, ,중안, , ,2,1,1,0,0.283,이숭용,구장 : 사직,관중 : 147,2002.10.15(화),개시 : 18:29,경기시간 : 3:14,현대,롯데,,,,
8, , , , , , , , , ,0,0,0,0,0.071,이용주,구장 : 사직,관중 : 147,2002.10.15(화),개시 : 18:29,경기시간 : 3:14,현대,롯데,,,,
9, , , , , , , , ,중2,1,1,0,0,0.111,전근표,구장 : 사직,관중 : 147,2002.10.15(화),개시 : 18:29,경기시간 : 3:14,현대,롯데,,,,
10, , , , , , , , , ,0,0,0,0,0.250,정수성,구장 : 사직,관중 : 147,2002.10.15(화),개시 : 18:29,경기시간 : 3:14,현대,롯데,,,,
11,우중2, ,2땅, ,좌비, ,중안, ,고4,4,2,3,0,0.276,폴,구장 : 사직,관중 : 147,2002.10.15(화),개시 : 18:29,경기시간 : 3:14,현대,롯데,,,,
12,3땅, , ,3직,32병, , , , ,3,0,0,0,0.205,박경완,구장 : 사직,관중 : 147,2002.10.15(화),개시 : 18:29,경기시간 : 3:14,현대,롯데,,,,
13, , , , , , ,3땅, ,유땅,2,0,0,0,0.259,강귀태,구장 : 사직,관중 : 147,2002.10.15(화),개시 : 18:29,경기시간 : 3:14,현대,롯데,,,,
14, ,4구, ,우안, ,삼진,삼진, ,2비,4,1,0,1,0.230,조재호,구장 : 사직,관중 : 147,2002.10.15(화),개시 : 18:29,경기시간 : 3:14,현대,롯데,,,,
15, ,우비, ,우중2, ,유땅, , , ,3,1,1,0,0.221,박진만,구장 : 사직,관중 : 147,2002.10.15(화),개시 : 18:29,경기시간 : 3:14,현대,롯데,,,,
16, , , , , , , , , ,0,0,0,0,0.150,서한규,구장 : 사직,관중 : 147,2002.10.15(화),개시 : 18:29,경기시간 : 3:14,현대,롯데,,,,
17, , , , , , , ,좌비, ,1,0,0,0,0.281,황윤성,구장 : 사직,관중 : 147,2002.10.15(화),개시 : 18:29,경기시간 : 3:14,현대,롯데,,,,
0,삼진,우2, , ,좌안, ,중안,투땅, ,5,3,1,2,0.226,조성환,구장 : 사직,관중 : 147,2002.10.15(화),개시 : 18:29,경기시간 : 3:14,롯데,현대,,,,
1,삼진,삼진, , , , , , , ,2,0,0,0,0.260,이동욱,구장 : 사직,관중 : 147,2002.10.15(화),개시 : 18:29,경기시간 : 3:14,롯데,현대,,,,
2, , , , ,좌비, ,우안, , ,2,1,0,0,0.224,이계성,구장 : 사직,관중 : 147,2002.10.15(화),개시 : 18:29,경기시간 : 3:14,롯데,현대,,,,
3, , , , , , , , , ,0,0,0,0,0.190,신명철,구장 : 사직,관중 : 147,2002.10.15(화),개시 : 18:29,경기시간 : 3:14,롯데,현대,,,,
4,중비, ,좌2, ,유땅, ,4구, , ,3,1,0,0,0.247,박정태,구장 : 사직,관중 : 147,2002.10.15(화),개시 : 18:29,경기시간 : 3:14,롯데,현대,,,,
5, , , , , , , , , ,0,0,0,0,0.246,박기혁,구장 : 사직,관중 : 147,2002.10.15(화),개시 : 18:29,경기시간 : 3:14,롯데,현대,,,,
6, , , , , , , , , ,0,0,0,0,0.000,노승욱,구장 : 사직,관중 : 147,2002.10.15(화),개시 : 18:29,경기시간 : 3:14,롯데,현대,,,,
7, , , , , , , , , ,0,0,0,0,0.000,김장현,구장 : 사직,관중 : 147,2002.10.15(화),개시 : 18:29,경기시간 : 3:14,롯데,현대,,,,
8, ,유땅,2땅, ,우3, ,좌안, , ,4,2,2,0,0.282,김응국,구장 : 사직,관중 : 147,2002.10.15(화),개시 : 18:29,경기시간 : 3:14,롯데,현대,,,,
9, ,4구,유땅, ,삼진, ,중비, , ,3,0,0,1,0.255,박현승,구장 : 사직,관중 : 147,2002.10.15(화),개시 : 18:29,경기시간 : 3:14,롯데,현대,,,,
10, ,3실,유땅, , ,삼진,중비, , ,4,0,0,1,0.280,최기문,구장 : 사직,관중 : 147,2002.10.15(화),개시 : 18:29,경기시간 : 3:14,롯데,현대,,,,
11, ,삼진, ,4구, ,우비, ,삼진, ,3,0,0,0,0.212,김주찬,구장 : 사직,관중 : 147,2002.10.15(화),개시 : 18:29,경기시간 : 3:14,롯데,현대,,,,
12, ,좌2, ,좌비, ,삼진, ,우중안, ,4,2,1,1,0.255,김정현,구장 : 사직,관중 : 147,2002.10.15(화),개시 : 18:29,경기시간 : 3:14,롯데,현대,,,,
13, ,좌안, ,삼진, , , , , ,2,1,1,1,0.210,권오현,구장 : 사직,관중 : 147,2002.10.15(화),개시 : 18:29,경기시간 : 3:14,롯데,현대,,,,
14, , , , , , ,유비, , ,1,0,0,0,0.267,허문회,구장 : 사직,관중 : 147,2002.10.15(화),개시 : 18:29,경기시간 : 3:14,롯데,현대,,,,
15, , , , , , , ,1땅, ,1,0,0,0,0.182,박상민,구장 : 사직,관중 : 147,2002.10.15(화),개시 : 18:29,경기시간 : 3:14,롯데,현대,,,,
0,1땅, ,삼진, ,2땅, , , , ,3,0,0,0,0.294,이종범,구장 : 시민,"관중 : 5,692",2002.10.15(화),개시 : 18:30,경기시간 : 2:44,KIA,삼성,,,,
1, , , , , , , ,중안, ,1,1,0,0,0.250,장일현,구장 : 시민,"관중 : 5,692",2002.10.15(화),개시 : 18:30,경기시간 : 2:44,KIA,삼성,,,,
2,삼진, ,4구, ,1파, , , , ,2,0,0,0,0.287,김종국,구장 : 시민,"관중 : 5,692",2002.10.15(화),개시 : 18:30,경기시간 : 2:44,KIA,삼성,,,,
3, , , , , , , ,3파, ,1,0,0,0,0.293,김민철,구장 : 시민,"관중 : 5,692",2002.10.15(화),개시 : 18:30,경기시간 : 2:44,KIA,삼성,,,,
4,삼진, ,좌안, , ,우안, , , ,3,2,1,0,0.342,장성호,구장 : 시민,"관중 : 5,692",2002.10.15(화),개시 : 18:30,경기시간 : 2:44,KIA,삼성,,,,
5, , , , , , , ,투2병, ,1,0,0,0,0.214,오우진,구장 : 시민,"관중 : 5,692",2002.10.15(화),개시 : 18:30,경기시간 : 2:44,KIA,삼성,,,,
6, ,유땅,3땅, , ,삼진, , , ,3,0,0,0,0.254,홍세완,구장 : 시민,"관중 : 5,692",2002.10.15(화),개시 : 18:30,경기시간 : 2:44,KIA,삼성,,,,
7, , , , , , , , ,우안,1,1,0,0,0.272,이현곤,구장 : 시민,"관중 : 5,692",2002.10.15(화),개시 : 18:30,경기시간 : 2:44,KIA,삼성,,,,
8, ,3땅, ,중비, ,삼진, , ,중비,4,0,0,0,0.260,펨버튼,구장 : 시민,"관중 : 5,692",2002.10.15(화),개시 : 18:30,경기시간 : 2:44,KIA,삼성,,,,
9, ,4구, ,삼진, , , , , ,1,0,0,0,0.305,신동주,구장 : 시민,"관중 : 5,692",2002.10.15(화),개시 : 18:30,경기시간 : 2:44,KIA,삼성,,,,
10, , , , , ,3파, , ,3직,2,0,0,0,0.232,장정석,구장 : 시민,"관중 : 5,692",2002.10.15(화),개시 : 18:30,경기시간 : 2:44,KIA,삼성,,,,
11, ,2땅, , , , , , , ,1,0,0,0,0.229,김인철,구장 : 시민,"관중 : 5,692",2002.10.15(화),개시 : 18:30,경기시간 : 2:44,KIA,삼성,,,,
12, , , ,1땅, , ,스낫, , ,2,0,0,0,0.260,김경언,구장 : 시민,"관중 : 5,692",2002.10.15(화),개시 : 18:30,경기시간 : 2:44,KIA,삼성,,,,
13, , , , , , , , ,유땅,1,0,0,0,0.000,심제훈,구장 : 시민,"관중 : 5,692",2002.10.15(화),개시 : 18:30,경기시간 : 2:44,KIA,삼성,,,,
14, , ,1파, ,2땅, ,3땅, , ,3,0,0,0,0.220,김상훈,구장 : 시민,"관중 : 5,692",2002.10.15(화),개시 : 18:30,경기시간 : 2:44,KIA,삼성,,,,
15, , ,우안, ,좌2, ,32병, , ,3,2,0,1,0.304,정성훈,구장 : 시민,"관중 : 5,692",2002.10.15(화),개시 : 18:30,경기시간 : 2:44,KIA,삼성,,,,
0,4구,좌안, ,삼진, ,중안,우안, , ,4,3,0,2,0.290,강동우,구장 : 시민,"관중 : 5,692",2002.10.15(화),개시 : 18:30,경기시간 : 2:44,삼성,KIA,,,,
1,4구,유비, ,우안, ,좌홈,2유병, , ,4,2,2,2,0.273,박한이,구장 : 시민,"관중 : 5,692",2002.10.15(화),개시 : 18:30,경기시간 : 2:44,삼성,KIA,,,,
2,투안,2땅, ,투땅, ,4구, ,중비, ,4,1,0,2,0.331,이승엽,구장 : 시민,"관중 : 5,692",2002.10.15(화),개시 : 18:30,경기시간 : 2:44,삼성,KIA,,,,
3,3땅, ,삼진,투땅, ,3직, ,중안, ,5,1,1,1,0.324,마해영,구장 : 시민,"관중 : 5,692",2002.10.15(화),개시 : 18:30,경기시간 : 2:44,삼성,KIA,,,,
4,좌안, ,1파, ,삼진,사구, , , ,3,1,1,0,0.280,브리또,구장 : 시민,"관중 : 5,692",2002.10.15(화),개시 : 18:30,경기시간 : 2:44,삼성,KIA,,,,
5, , , , , , , ,삼진, ,1,0,0,0,0.280,김종훈,구장 : 시민,"관중 : 5,692",2002.10.15(화),개시 : 18:30,경기시간 : 2:44,삼성,KIA,,,,
6, , , , , , , , , ,0,0,0,0,0.186,김승권,구장 : 시민,"관중 : 5,692",2002.10.15(화),개시 : 18:30,경기시간 : 2:44,삼성,KIA,,,,
7,중희비, ,사구, ,유땅,중안, ,우홈, ,3,2,4,1,0.309,김한수,구장 : 시민,"관중 : 5,692",2002.10.15(화),개시 : 18:30,경기시간 : 2:44,삼성,KIA,,,,
8,삼진, ,사구, ,우홈,유땅, , , ,3,1,1,1,0.282,양준혁,구장 : 시민,"관중 : 5,692",2002.10.15(화),개시 : 18:30,경기시간 : 2:44,삼성,KIA,,,,
9, , , , , , , ,중안, ,1,1,0,0,0.129,임재철,구장 : 시민,"관중 : 5,692",2002.10.15(화),개시 : 18:30,경기시간 : 2:44,삼성,KIA,,,,
10, ,좌안,우비, ,삼진, ,유땅,중안, ,5,2,0,0,0.282,진갑용,구장 : 시민,"관중 : 5,692",2002.10.15(화),개시 : 18:30,경기시간 : 2:44,삼성,KIA,,,,
11, ,투희번, ,4구, ,삼진, , , ,1,0,0,0,0.239,박정환,구장 : 시민,"관중 : 5,692",2002.10.15(화),개시 : 18:30,경기시간 : 2:44,삼성,KIA,,,,
12, , , , , , ,사구, , ,0,0,0,0,0.000,장영균,구장 : 시민,"관중 : 5,692",2002.10.15(화),개시 : 18:30,경기시간 : 2:44,삼성,KIA,,,,
13, , , , , , , ,유땅, ,1,0,0,0,0.202,김재걸,구장 : 시민,"관중 : 5,692",2002.10.15(화),개시 : 18:30,경기시간 : 2:44,삼성,KIA,,,,
0,삼진, , ,삼진, ,1파, ,3땅, ,4,0,0,0,0.261,이범호,구장 : 문학,"관중 : 1,058",2002.10.15(화),개시 : 18:30,경기시간 : 2:45,한화,SK,,,,
1,삼진, , ,좌안, , ,좌중홈, ,우안,4,3,1,1,0.409,조윤채,구장 : 문학,"관중 : 1,058",2002.10.15(화),개시 : 18:30,경기시간 : 2:45,한화,SK,,,,
2,유땅, , ,좌안, , ,중2, ,중안,4,3,0,0,0.289,강석천,구장 : 문학,"관중 : 1,058",2002.10.15(화),개시 : 18:30,경기시간 : 2:45,한화,SK,,,,
3, , , , , , , , , ,0,0,0,0,0.000,김대원,구장 : 문학,"관중 : 1,058",2002.10.15(화),개시 : 18:30,경기시간 : 2:45,한화,SK,,,,
4, ,삼진, ,유비, , ,삼진, ,1비,4,0,0,0,0.291,송지만,구장 : 문학,"관중 : 1,058",2002.10.15(화),개시 : 18:30,경기시간 : 2:45,한화,SK,,,,
5, ,좌비, , ,삼진, , , , ,2,0,0,0,0.247,장종훈,구장 : 문학,"관중 : 1,058",2002.10.15(화),개시 : 18:30,경기시간 : 2:45,한화,SK,,,,
6, , , , , , ,4구, ,삼진,1,0,0,0,0.316,이영우,구장 : 문학,"관중 : 1,058",2002.10.15(화),개시 : 18:30,경기시간 : 2:45,한화,SK,,,,
7, ,삼진, , ,삼진, , , , ,2,0,0,0,0.225,임수민,구장 : 문학,"관중 : 1,058",2002.10.15(화),개시 : 18:30,경기시간 : 2:45,한화,SK,,,,
8, , , , , , ,삼진, , ,1,0,0,0,0.220,조현수,구장 : 문학,"관중 : 1,058",2002.10.15(화),개시 : 18:30,경기시간 : 2:45,한화,SK,,,,
9, , , , , , , , , ,0,0,0,0,0.000,서창호,구장 : 문학,"관중 : 1,058",2002.10.15(화),개시 : 18:30,경기시간 : 2:45,한화,SK,,,,
10, , , , , , , , ,삼진,1,0,0,0,0.244,이도형,구장 : 문학,"관중 : 1,058",2002.10.15(화),개시 : 18:30,경기시간 : 2:45,한화,SK,,,,
11, , ,삼진, ,2비, , , , ,2,0,0,0,0.238,조효상,구장 : 문학,"관중 : 1,058",2002.10.15(화),개시 : 18:30,경기시간 : 2:45,한화,SK,,,,
12, , , , , , , , , ,0,0,0,0,0.202,백재호,구장 : 문학,"관중 : 1,058",2002.10.15(화),개시 : 18:30,경기시간 : 2:45,한화,SK,,,,
13, , , , , , ,삼진, , ,1,0,0,0,0.254,김태균,구장 : 문학,"관중 : 1,058",2002.10.15(화),개시 : 18:30,경기시간 : 2:45,한화,SK,,,,
14, , ,중비, , ,유땅, , , ,2,0,0,0,0.208,조경택,구장 : 문학,"관중 : 1,058",2002.10.15(화),개시 : 18:30,경기시간 : 2:45,한화,SK,,,,
15, , , , , , , ,3파, ,1,0,0,0,0.202,김수연,구장 : 문학,"관중 : 1,058",2002.10.15(화),개시 : 18:30,경기시간 : 2:45,한화,SK,,,,
16, , , , , , , , , ,0,0,0,0,0.063,채상병,구장 : 문학,"관중 : 1,058",2002.10.15(화),개시 : 18:30,경기시간 : 2:45,한화,SK,,,,
17, , ,1비, , , , , , ,1,0,0,0,0.262,허준,구장 : 문학,"관중 : 1,058",2002.10.15(화),개시 : 18:30,경기시간 : 2:45,한화,SK,,,,
18, , , , , ,중비, ,삼진, ,2,0,0,0,0.287,데이비스,구장 : 문학,"관중 : 1,058",2002.10.15(화),개시 : 18:30,경기시간 : 2:45,한화,SK,,,,
0,1비, ,2땅, ,중비, ,삼진, , ,4,0,0,0,0.307,이진영,구장 : 문학,"관중 : 1,058",2002.10.15(화),개시 : 18:30,경기시간 : 2:45,SK,한화,,,,
1,좌2, , ,우중2,삼진, ,좌안, , ,4,3,0,1,0.275,정경배,구장 : 문학,"관중 : 1,058",2002.10.15(화),개시 : 18:30,경기시간 : 2:45,SK,한화,,,,
2,중비, , ,우비, ,우홈,좌안, , ,4,2,1,1,0.257,김기태,구장 : 문학,"관중 : 1,058",2002.10.15(화),개시 : 18:30,경기시간 : 2:45,SK,한화,,,,
3,유땅, , ,4구, ,중홈,3땅, , ,3,1,1,1,0.278,페르난데,구장 : 문학,"관중 : 1,058",2002.10.15(화),개시 : 18:30,경기시간 : 2:45,SK,한화,,,,
4, ,중비, ,좌2, ,좌안, ,삼진, ,4,2,1,0,0.289,채종범,구장 : 문학,"관중 : 1,058",2002.10.15(화),개시 : 18:30,경기시간 : 2:45,SK,한화,,,,
5, ,좌비, ,2비, , , , , ,2,0,0,0,0.285,이호준,구장 : 문학,"관중 : 1,058",2002.10.15(화),개시 : 18:30,경기시간 : 2:45,SK,한화,,,,
6, , , , , ,삼진, , , ,1,0,0,0,0.140,강혁,구장 : 문학,"관중 : 1,058",2002.10.15(화),개시 : 18:30,경기시간 : 2:45,SK,한화,,,,
7, , , , , , , ,삼진, ,1,0,0,0,0.227,송재익,구장 : 문학,"관중 : 1,058",2002.10.15(화),개시 : 18:30,경기시간 : 2:45,SK,한화,,,,
8, ,삼진, ,중비, ,삼진, ,유땅, ,4,0,0,0,0.266,조원우,구장 : 문학,"관중 : 1,058",2002.10.15(화),개시 : 18:30,경기시간 : 2:45,SK,한화,,,,
9, , ,삼진, ,좌안,우비, , , ,3,1,0,0,0.243,김동수,구장 : 문학,"관중 : 1,058",2002.10.15(화),개시 : 18:30,경기시간 : 2:45,SK,한화,,,,
10, , ,3파, ,3땅, ,삼진, , ,3,0,0,0,0.258,김민재,구장 : 문학,"관중 : 1,058",2002.10.15(화),개시 : 18:30,경기시간 : 2:45,SK,한화,,,,
0,4구, ,투직, ,4구, , , , ,1,0,0,2,0.300,전준호,구장 : 사직,관중 : 96,2002.10.16(수),개시 : 15:00,경기시간 : 3:06,현대,롯데,,,,
1, , , , , , ,중비, ,투희번,1,0,0,0,0.222,정수성,구장 : 사직,관중 : 96,2002.10.16(수),개시 : 15:00,경기시간 : 3:06,현대,롯데,,,,
2,1비, ,삼진, ,2희번, ,삼진, ,삼진,4,0,0,0,0.218,조재호,구장 : 사직,관중 : 96,2002.10.16(수),개시 : 15:00,경기시간 : 3:06,현대,롯데,,,,
3,좌홈, ,삼진, ,4구, ,3땅, ,고4,3,1,2,1,0.320,심정수,구장 : 사직,관중 : 96,2002.10.16(수),개시 : 15:00,경기시간 : 3:06,현대,롯데,,,,
4,4구, , ,좌비,삼진, , ,우비,중비,4,0,0,0,0.286,프랭클린,구장 : 사직,관중 : 96,2002.10.16(수),개시 : 15:00,경기시간 : 3:06,현대,롯데,,,,
5, , , , , , , , , ,0,0,0,0,0.183,김일경,구장 : 사직,관중 : 96,2002.10.16(수),개시 : 15:00,경기시간 : 3:06,현대,롯데,,,,
6,4구, , ,중안,우2, , ,2땅, ,3,2,2,0,0.286,이숭용,구장 : 사직,관중 : 96,2002.10.16(수),개시 : 15:00,경기시간 : 3:06,현대,롯데,,,,
7,32병, , ,4구,3땅, , ,유비, ,3,0,0,0,0.203,박경완,구장 : 사직,관중 : 96,2002.10.16(수),개시 : 15:00,경기시간 : 3:06,현대,롯데,,,,
8, , , , , , , , , ,0,0,0,0,0.259,강귀태,구장 : 사직,관중 : 96,2002.10.16(수),개시 : 15:00,경기시간 : 3:06,현대,롯데,,,,
9, ,1땅, , , , , , , ,1,0,0,0,0.273,황윤성,구장 : 사직,관중 : 96,2002.10.16(수),개시 : 15:00,경기시간 : 3:06,현대,롯데,,,,
10, , , ,우비, ,삼진, , ,중안,3,1,0,1,0.284,최익성,구장 : 사직,관중 : 96,2002.10.16(수),개시 : 15:00,경기시간 : 3:06,현대,롯데,,,,
11, ,유땅, ,3땅, ,투땅, , , ,3,0,0,0,0.219,박진만,구장 : 사직,관중 : 96,2002.10.16(수),개시 : 15:00,경기시간 : 3:06,현대,롯데,,,,
12, , , , , , , , , ,0,0,0,0,0.150,서한규,구장 : 사직,관중 : 96,2002.10.16(수),개시 : 15:00,경기시간 : 3:06,현대,롯데,,,,
13, , , , , , , , ,우3,1,1,1,0,0.200,전근표,구장 : 사직,관중 : 96,2002.10.16(수),개시 : 15:00,경기시간 : 3:06,현대,롯데,,,,
14, , , , , , , , , ,0,0,0,1,0.143,김민우,구장 : 사직,관중 : 96,2002.10.16(수),개시 : 15:00,경기시간 : 3:06,현대,롯데,,,,
15, ,2땅, , ,우안,2땅, , ,투안,4,2,1,1,0.167,이용주,구장 : 사직,관중 : 96,2002.10.16(수),개시 : 15:00,경기시간 : 3:06,현대,롯데,,,,
0,중비,유직,삼진, , ,유땅, ,좌2, ,5,1,0,1,0.225,조성환,구장 : 사직,관중 : 96,2002.10.16(수),개시 : 15:00,경기시간 : 3:06,롯데,현대,,,,
1,삼진, ,삼진, , , , , , ,2,0,0,0,0.220,이계성,구장 : 사직,관중 : 96,2002.10.16(수),개시 : 15:00,경기시간 : 3:06,롯데,현대,,,,
2, , , ,삼진, ,우안, , , ,2,1,0,0,0.270,허문회,구장 : 사직,관중 : 96,2002.10.16(수),개시 : 15:00,경기시간 : 3:06,롯데,현대,,,,
3, , , , , , , ,우비, ,1,0,0,1,0.189,신명철,구장 : 사직,관중 : 96,2002.10.16(수),개시 : 15:00,경기시간 : 3:06,롯데,현대,,,,
4,4구, ,좌홈,좌2, ,유땅, ,좌2, ,4,3,2,2,0.255,박정태,구장 : 사직,관중 : 96,2002.10.16(수),개시 : 15:00,경기시간 : 3:06,롯데,현대,,,,
5, , , , , , , , , ,0,0,0,0,0.161,박준서,구장 : 사직,관중 : 96,2002.10.16(수),개시 : 15:00,경기시간 : 3:06,롯데,현대,,,,
6,중안, ,4구,좌비, ,우안, ,3땅, ,4,2,1,1,0.285,김응국,구장 : 사직,관중 : 96,2002.10.16(수),개시 : 15:00,경기시간 : 3:06,롯데,현대,,,,
7, , , , , , , , , ,0,0,0,0,0.241,엄정대,구장 : 사직,관중 : 96,2002.10.16(수),개시 : 15:00,경기시간 : 3:06,롯데,현대,,,,
8,우안, ,우안,좌2, , ,좌비, ,좌안,5,4,1,1,0.263,박현승,구장 : 사직,관중 : 96,2002.10.16(수),개시 : 15:00,경기시간 : 3:06,롯데,현대,,,,
9, , , , , , , , , ,0,0,0,1,0.246,박기혁,구장 : 사직,관중 : 96,2002.10.16(수),개시 : 15:00,경기시간 : 3:06,롯데,현대,,,,
10,2땅, ,중비,삼진, , ,좌중2, ,우안,5,2,0,0,0.282,최기문,구장 : 사직,관중 : 96,2002.10.16(수),개시 : 15:00,경기시간 : 3:06,롯데,현대,,,,
11, ,2비,중안, ,삼진, ,좌비, ,1희번,4,1,1,0,0.213,김주찬,구장 : 사직,관중 : 96,2002.10.16(수),개시 : 15:00,경기시간 : 3:06,롯데,현대,,,,
12, ,좌안,좌2, ,3실, ,우비, ,고4,4,2,1,0,0.273,김정현,구장 : 사직,관중 : 96,2002.10.16(수),개시 : 15:00,경기시간 : 3:06,롯데,현대,,,,
13, ,3땅,4구, ,중비, , ,좌비, ,3,0,0,0,0.200,권오현,구장 : 사직,관중 : 96,2002.10.16(수),개시 : 15:00,경기시간 : 3:06,롯데,현대,,,,
14, , , , , , , , ,우희비,0,0,1,0,0.260,이동욱,구장 : 사직,관중 : 96,2002.10.16(수),개시 : 15:00,경기시간 : 3:06,롯데,현대,,,,
0,사구,4구, ,우비,2안,3땅, ,1실, ,4,1,0,1,0.282,최익성,구장 : 사직,관중 : 264,2002.10.16(수),개시 : 18:28,경기시간 : 2:44,현대,롯데,,,,
1,좌중2,3파, ,우안,우비, ,1직,유땅, ,6,2,1,1,0.226,조재호,구장 : 사직,관중 : 264,2002.10.16(수),개시 : 18:28,경기시간 : 2:44,현대,롯데,,,,
2,삼진, ,삼진,삼진, , , , , ,3,0,0,0,0.280,프랭클린,구장 : 사직,관중 : 264,2002.10.16(수),개시 : 18:28,경기시간 : 2:44,현대,롯데,,,,
3, , , , ,삼진, ,중안,중희비, ,2,1,1,0,0.162,김민우,구장 : 사직,관중 : 264,2002.10.16(수),개시 : 18:28,경기시간 : 2:44,현대,롯데,,,,
4,좌비, ,3직,좌홈, ,좌안,좌2,좌비, ,6,3,2,2,0.323,심정수,구장 : 사직,관중 : 264,2002.10.16(수),개시 : 18:28,경기시간 : 2:44,현대,롯데,,,,
5,삼진, ,중안,2안, ,좌중2,1직, , ,5,3,0,2,0.280,폴,구장 : 사직,관중 : 264,2002.10.16(수),개시 : 18:28,경기시간 : 2:44,현대,롯데,,,,
6, , , , , , , , ,좌비,1,0,0,0,0.200,정수성,구장 : 사직,관중 : 264,2002.10.16(수),개시 : 18:28,경기시간 : 2:44,현대,롯데,,,,
7, ,좌2,좌2,좌안, ,삼진, ,유실,중안,6,4,0,4,0.276,강귀태,구장 : 사직,관중 : 264,2002.10.16(수),개시 : 18:28,경기시간 : 2:44,현대,롯데,,,,
8, ,좌2,우안,3파, , , , , ,3,2,3,0,0.308,전근표,구장 : 사직,관중 : 264,2002.10.16(수),개시 : 18:28,경기시간 : 2:44,현대,롯데,,,,
9, , , , , ,4구, , , ,0,0,0,0,0.203,박경완,구장 : 사직,관중 : 264,2002.10.16(수),개시 : 18:28,경기시간 : 2:44,현대,롯데,,,,
10, , , , , , , ,좌실,2실,2,0,0,1,0.150,이용주,구장 : 사직,관중 : 264,2002.10.16(수),개시 : 18:28,경기시간 : 2:44,현대,롯데,,,,
11, ,1땅,좌2, ,좌홈,좌중안, ,3안,삼진,6,4,3,2,0.221,김일경,구장 : 사직,관중 : 264,2002.10.16(수),개시 : 18:28,경기시간 : 2:44,현대,롯데,,,,
12, ,유땅,유땅, ,투직, , , , ,3,0,0,0,0.140,서한규,구장 : 사직,관중 : 264,2002.10.16(수),개시 : 18:28,경기시간 : 2:44,현대,롯데,,,,
13, , , , , ,삼진, ,중2,우2,3,2,4,1,0.306,황윤성,구장 : 사직,관중 : 264,2002.10.16(수),개시 : 18:28,경기시간 : 2:44,현대,롯데,,,,
0,우비, ,유땅, , , , , , ,2,0,0,0,0.223,조성환,구장 : 사직,관중 : 264,2002.10.16(수),개시 : 18:28,경기시간 : 2:44,롯데,현대,,,,
1, , , , , ,3땅, , ,1땅,2,0,0,0,0.243,박기혁,구장 : 사직,관중 : 264,2002.10.16(수),개시 : 18:28,경기시간 : 2:44,롯데,현대,,,,
2,1땅, , ,2파, ,투땅, , ,좌비,4,0,0,0,0.264,허문회,구장 : 사직,관중 : 264,2002.10.16(수),개시 : 18:28,경기시간 : 2:44,롯데,현대,,,,
3,2땅, , ,좌비, , , , , ,2,0,0,0,0.253,박정태,구장 : 사직,관중 : 264,2002.10.16(수),개시 : 18:28,경기시간 : 2:44,롯데,현대,,,,
4, , , , , , ,좌비, ,중안,2,1,0,0,0.194,신명철,구장 : 사직,관중 : 264,2002.10.16(수),개시 : 18:28,경기시간 : 2:44,롯데,현대,,,,
5, , , , , , , , , ,0,0,0,0,0.285,김응국,구장 : 사직,관중 : 264,2002.10.16(수),개시 : 18:28,경기시간 : 2:44,롯데,현대,,,,
6, ,삼진, ,투땅, , ,삼진, ,중안,4,1,0,0,0.189,박상민,구장 : 사직,관중 : 264,2002.10.16(수),개시 : 18:28,경기시간 : 2:44,롯데,현대,,,,
7, ,유땅, , ,유땅, , , , ,2,0,0,0,0.262,박현승,구장 : 사직,관중 : 264,2002.10.16(수),개시 : 18:28,경기시간 : 2:44,롯데,현대,,,,
8, , , , , , ,유안, ,1땅,2,1,0,0,0.263,이동욱,구장 : 사직,관중 : 264,2002.10.16(수),개시 : 18:28,경기시간 : 2:44,롯데,현대,,,,
9, ,우2, , , , , , , ,1,1,0,0,0.283,최기문,구장 : 사직,관중 : 264,2002.10.16(수),개시 : 18:28,경기시간 : 2:44,롯데,현대,,,,
10, , , , ,중안, , ,3땅, ,2,1,0,0,0.184,허일상,구장 : 사직,관중 : 264,2002.10.16(수),개시 : 18:28,경기시간 : 2:44,롯데,현대,,,,
11, ,포파, , ,삼진, , ,좌안, ,3,1,0,0,0.214,김주찬,구장 : 사직,관중 : 264,2002.10.16(수),개시 : 18:28,경기시간 : 2:44,롯데,현대,,,,
12, , ,우비, ,삼진, , ,삼진, ,3,0,0,0,0.259,김정현,구장 : 사직,관중 : 264,2002.10.16(수),개시 : 18:28,경기시간 : 2:44,롯데,현대,,,,
13, , ,투땅, , ,삼진, ,1파, ,3,0,0,0,0.191,권오현,구장 : 사직,관중 : 264,2002.10.16(수),개시 : 18:28,경기시간 : 2:44,롯데,현대,,,,
0,4구,좌안, , ,중비,1땅, , ,중비,4,1,0,1,0.290,강동우,구장 : 잠실,"관중 : 6,977",2002.10.16(수),개시 : 18:29,경기시간 : 3:12,삼성,두산,,,,
1,삼진,중비, , ,삼진, ,삼진, ,삼진,5,0,0,0,0.270,박한이,구장 : 잠실,"관중 : 6,977",2002.10.16(수),개시 : 18:29,경기시간 : 3:12,삼성,두산,,,,
2,포땅, ,삼진, , ,우안,3파, , ,4,1,0,1,0.331,이승엽,구장 : 잠실,"관중 : 6,977",2002.10.16(수),개시 : 18:29,경기시간 : 3:12,삼성,두산,,,,
3,좌안, ,4구, , ,4구,좌안, , ,2,2,1,1,0.327,마해영,구장 : 잠실,"관중 : 6,977",2002.10.16(수),개시 : 18:29,경기시간 : 3:12,삼성,두산,,,,
4,좌2, ,유2병, , ,유땅,우비, , ,4,1,1,1,0.280,브리또,구장 : 잠실,"관중 : 6,977",2002.10.16(수),개시 : 18:29,경기시간 : 3:12,삼성,두산,,,,
5,삼진, , ,우중안, ,중안, ,삼진, ,4,2,1,0,0.310,김한수,구장 : 잠실,"관중 : 6,977",2002.10.16(수),개시 : 18:29,경기시간 : 3:12,삼성,두산,,,,
6, ,좌비, ,1유병, , , , , ,2,0,0,0,0.280,양준혁,구장 : 잠실,"관중 : 6,977",2002.10.16(수),개시 : 18:29,경기시간 : 3:12,삼성,두산,,,,
7, , , , , ,중비, , , ,1,0,0,0,0.183,김승권,구장 : 잠실,"관중 : 6,977",2002.10.16(수),개시 : 18:29,경기시간 : 3:12,삼성,두산,,,,
8, , , , , , , ,유땅, ,1,0,0,0,0.127,임재철,구장 : 잠실,"관중 : 6,977",2002.10.16(수),개시 : 18:29,경기시간 : 3:12,삼성,두산,,,,
9, ,1파, ,3땅, ,4구, ,유땅, ,3,0,0,0,0.280,진갑용,구장 : 잠실,"관중 : 6,977",2002.10.16(수),개시 : 18:29,경기시간 : 3:12,삼성,두산,,,,
10, ,4구, , ,삼진,4구, , , ,1,0,1,0,0.238,박정환,구장 : 잠실,"관중 : 6,977",2002.10.16(수),개시 : 18:29,경기시간 : 3:12,삼성,두산,,,,
11, , , , , , , , ,사구,0,0,0,0,0.280,김종훈,구장 : 잠실,"관중 : 6,977",2002.10.16(수),개시 : 18:29,경기시간 : 3:12,삼성,두산,,,,
12, , , , , , , , , ,0,0,0,0,0.202,김재걸,구장 : 잠실,"관중 : 6,977",2002.10.16(수),개시 : 18:29,경기시간 : 3:12,삼성,두산,,,,
0,중안, ,1땅, ,중안,우비, , , ,4,2,0,1,0.250,전상렬,구장 : 잠실,"관중 : 6,977",2002.10.16(수),개시 : 18:29,경기시간 : 3:12,두산,삼성,,,,
1,좌안, ,1실, ,좌안, ,유땅, , ,4,2,0,2,0.280,장원진,구장 : 잠실,"관중 : 6,977",2002.10.16(수),개시 : 18:29,경기시간 : 3:12,두산,삼성,,,,
2,우안, ,32병, ,4구, ,1땅, , ,3,1,0,0,0.319,김동주,구장 : 잠실,"관중 : 6,977",2002.10.16(수),개시 : 18:29,경기시간 : 3:12,두산,삼성,,,,
3, , , , , , , , , ,0,0,0,0,0.169,홍원기,구장 : 잠실,"관중 : 6,977",2002.10.16(수),개시 : 18:29,경기시간 : 3:12,두산,삼성,,,,
4,중안, , ,1파,우안, ,삼진, , ,4,2,3,0,0.253,우즈,구장 : 잠실,"관중 : 6,977",2002.10.16(수),개시 : 18:29,경기시간 : 3:12,두산,삼성,,,,
5,유2병, , ,좌안,삼진, , ,삼진, ,4,1,0,0,0.291,안경현,구장 : 잠실,"관중 : 6,977",2002.10.16(수),개시 : 18:29,경기시간 : 3:12,두산,삼성,,,,
6, ,삼진, ,2비, ,좌2, ,4구, ,3,1,0,1,0.290,홍성흔,구장 : 잠실,"관중 : 6,977",2002.10.16(수),개시 : 18:29,경기시간 : 3:12,두산,삼성,,,,
7, ,1땅, ,1땅, ,유땅, ,1비, ,4,0,0,0,0.277,최경환,구장 : 잠실,"관중 : 6,977",2002.10.16(수),개시 : 18:29,경기시간 : 3:12,두산,삼성,,,,
8, ,1파, , ,삼진,3안, , , ,3,1,0,0,0.158,김민호,구장 : 잠실,"관중 : 6,977",2002.10.16(수),개시 : 18:29,경기시간 : 3:12,두산,삼성,,,,
9, , , , , , , ,우홈, ,1,1,2,1,0.243,심재학,구장 : 잠실,"관중 : 6,977",2002.10.16(수),개시 : 18:29,경기시간 : 3:12,두산,삼성,,,,
10, , , , , , , , , ,0,0,0,0,0.256,김호,구장 : 잠실,"관중 : 6,977",2002.10.16(수),개시 : 18:29,경기시간 : 3:12,두산,삼성,,,,
11, , ,중안, ,좌비,좌안, ,삼진, ,4,2,0,0,0.235,정수근,구장 : 잠실,"관중 : 6,977",2002.10.16(수),개시 : 18:29,경기시간 : 3:12,두산,삼성,,,,
0,유실, ,2실, ,중2,2땅, ,2땅, ,5,1,0,1,0.289,강동우,구장 : 사직,관중 : 472,2002.10.17(목),개시 : 18:29,경기시간 : 3:10,삼성,롯데,,,,
1,투땅, ,2땅, ,우중3, ,유땅,우비, ,5,1,1,1,0.269,박한이,구장 : 사직,관중 : 472,2002.10.17(목),개시 : 18:29,경기시간 : 3:10,삼성,롯데,,,,
2,1땅, ,좌비, ,1땅, ,좌비, ,삼진,5,0,1,0,0.327,이승엽,구장 : 사직,관중 : 472,2002.10.17(목),개시 : 18:29,경기시간 : 3:10,삼성,롯데,,,,
3,중비, , ,투땅,중비, ,2비, ,2비,5,0,0,0,0.324,마해영,구장 : 사직,관중 : 472,2002.10.17(목),개시 : 18:29,경기시간 : 3:10,삼성,롯데,,,,
4, ,3안, ,좌안,좌비, , ,좌2,1파,5,3,0,2,0.283,브리또,구장 : 사직,관중 : 472,2002.10.17(목),개시 : 18:29,경기시간 : 3:10,삼성,롯데,,,,
5, ,유2병, ,좌중홈, ,우비, ,2비, ,4,1,2,1,0.310,김한수,구장 : 사직,관중 : 472,2002.10.17(목),개시 : 18:29,경기시간 : 3:10,삼성,롯데,,,,
6, ,2땅, ,삼진, , , , , ,2,0,0,0,0.279,양준혁,구장 : 사직,관중 : 472,2002.10.17(목),개시 : 18:29,경기시간 : 3:10,삼성,롯데,,,,
7, , , , , ,좌안, ,좌중2, ,2,2,1,2,0.154,임재철,구장 : 사직,관중 : 472,2002.10.17(목),개시 : 18:29,경기시간 : 3:10,삼성,롯데,,,,
8, , ,1땅,4구, ,우안, ,좌홈, ,3,2,2,1,0.283,진갑용,구장 : 사직,관중 : 472,2002.10.17(목),개시 : 18:29,경기시간 : 3:10,삼성,롯데,,,,
9, , ,중안,삼진, ,3희번, ,3실, ,3,1,1,0,0.239,박정환,구장 : 사직,관중 : 472,2002.10.17(목),개시 : 18:29,경기시간 : 3:10,삼성,롯데,,,,
0,우안, ,우안,1희번, ,1안, , ,포파,4,3,1,1,0.232,조성환,구장 : 사직,관중 : 472,2002.10.17(목),개시 : 18:29,경기시간 : 3:10,롯데,삼성,,,,
1,유땅, ,우안,중비, ,삼진, , ,투땅,5,1,0,1,0.220,이계성,구장 : 사직,관중 : 472,2002.10.17(목),개시 : 18:29,경기시간 : 3:10,롯데,삼성,,,,
2,2땅, ,좌안,좌안, ,중비, , ,유파,5,2,1,0,0.256,박정태,구장 : 사직,관중 : 472,2002.10.17(목),개시 : 18:29,경기시간 : 3:10,롯데,삼성,,,,
3,4구, ,3파,3파, , ,좌비, , ,3,0,0,0,0.282,김응국,구장 : 사직,관중 : 472,2002.10.17(목),개시 : 18:29,경기시간 : 3:10,롯데,삼성,,,,
4,사구, ,4구, ,3땅, ,삼진, , ,2,0,0,0,0.260,박현승,구장 : 사직,관중 : 472,2002.10.17(목),개시 : 18:29,경기시간 : 3:10,롯데,삼성,,,,
5,3파, ,3땅, ,유땅, ,2땅, , ,4,0,1,0,0.280,최기문,구장 : 사직,관중 : 472,2002.10.17(목),개시 : 18:29,경기시간 : 3:10,롯데,삼성,,,,
6, ,삼진,사구, ,좌비, , ,4구, ,2,0,0,0,0.259,이동욱,구장 : 사직,관중 : 472,2002.10.17(목),개시 : 18:29,경기시간 : 3:10,롯데,삼성,,,,
7, , , , , , , , , ,0,0,0,0,0.191,권오현,구장 : 사직,관중 : 472,2002.10.17(목),개시 : 18:29,경기시간 : 3:10,롯데,삼성,,,,
8, ,중비,1파, , ,우2, ,유2병, ,4,1,0,1,0.215,김주찬,구장 : 사직,관중 : 472,2002.10.17(목),개시 : 18:29,경기시간 : 3:10,롯데,삼성,,,,
9, ,삼진, ,4구, ,1땅, ,3땅, ,3,0,0,0,0.246,김정현,구장 : 사직,관중 : 472,2002.10.17(목),개시 : 18:29,경기시간 : 3:10,롯데,삼성,,,,
0,중안, ,1땅, , ,좌비,유땅, ,1안,5,2,0,1,0.317,이영우,구장 : 무등,관중 : 651,2002.10.17(목),개시 : 18:30,경기시간 : 2:38,한화,KIA,,,,
1,좌2, ,2파, , ,4구, ,우안,32병,4,2,0,1,0.423,조윤채,구장 : 무등,관중 : 651,2002.10.17(목),개시 : 18:30,경기시간 : 2:38,한화,KIA,,,,
2,중희비, , ,좌안, ,삼진, ,삼진, ,3,1,1,0,0.290,강석천,구장 : 무등,관중 : 651,2002.10.17(목),개시 : 18:30,경기시간 : 2:38,한화,KIA,,,,
3,우비, , ,투2병, ,우안, ,좌안, ,4,2,1,1,0.293,송지만,구장 : 무등,관중 : 651,2002.10.17(목),개시 : 18:30,경기시간 : 2:38,한화,KIA,,,,
4,유땅, , ,우비, ,유땅, ,삼진, ,4,0,0,0,0.244,장종훈,구장 : 무등,관중 : 651,2002.10.17(목),개시 : 18:30,경기시간 : 2:38,한화,KIA,,,,
5, ,삼진, , ,유땅, ,4구,4구, ,2,0,0,0,0.259,이범호,구장 : 무등,관중 : 651,2002.10.17(목),개시 : 18:30,경기시간 : 2:38,한화,KIA,,,,
6, ,2땅, , ,우비, ,좌안,좌중안, ,4,2,2,0,0.228,임수민,구장 : 무등,관중 : 651,2002.10.17(목),개시 : 18:30,경기시간 : 2:38,한화,KIA,,,,
7, , , , , , , , , ,0,0,0,0,0.202,김수연,구장 : 무등,관중 : 651,2002.10.17(목),개시 : 18:30,경기시간 : 2:38,한화,KIA,,,,
8, , , , , , , , , ,0,0,0,0,0.202,백재호,구장 : 무등,관중 : 651,2002.10.17(목),개시 : 18:30,경기시간 : 2:38,한화,KIA,,,,
9, ,중비, , ,유땅, , , , ,2,0,0,0,0.259,허준,구장 : 무등,관중 : 651,2002.10.17(목),개시 : 18:30,경기시간 : 2:38,한화,KIA,,,,
10, , , , , , ,삼진,중비, ,2,0,0,0,0.253,김태균,구장 : 무등,관중 : 651,2002.10.17(목),개시 : 18:30,경기시간 : 2:38,한화,KIA,,,,
11, , ,삼진, , , , , , ,1,0,0,0,0.206,조경택,구장 : 무등,관중 : 651,2002.10.17(목),개시 : 18:30,경기시간 : 2:38,한화,KIA,,,,
12, , , , , ,좌안, , , ,1,1,0,1,0.238,조현수,구장 : 무등,관중 : 651,2002.10.17(목),개시 : 18:30,경기시간 : 2:38,한화,KIA,,,,
13, , , , , , , , , ,0,0,0,0,0.063,채상병,구장 : 무등,관중 : 651,2002.10.17(목),개시 : 18:30,경기시간 : 2:38,한화,KIA,,,,
14, , , , , , ,2비, ,투땅,2,0,0,0,0.242,이도형,구장 : 무등,관중 : 651,2002.10.17(목),개시 : 18:30,경기시간 : 2:38,한화,KIA,,,,
0,우비, ,1땅, , , , , , ,2,0,0,0,0.293,이종범,구장 : 무등,관중 : 651,2002.10.17(목),개시 : 18:30,경기시간 : 2:38,KIA,한화,,,,
1, , , , ,중안,좌중2, , , ,2,2,2,1,0.220,김창희,구장 : 무등,관중 : 651,2002.10.17(목),개시 : 18:30,경기시간 : 2:38,KIA,한화,,,,
2,삼진, ,중비, ,우비,2땅, , , ,4,0,0,0,0.284,김종국,구장 : 무등,관중 : 651,2002.10.17(목),개시 : 18:30,경기시간 : 2:38,KIA,한화,,,,
3,중안, ,4구, ,우비, , , , ,2,1,0,1,0.343,장성호,구장 : 무등,관중 : 651,2002.10.17(목),개시 : 18:30,경기시간 : 2:38,KIA,한화,,,,
4, , , , , ,삼진, , , ,1,0,0,0,0.200,오우진,구장 : 무등,관중 : 651,2002.10.17(목),개시 : 18:30,경기시간 : 2:38,KIA,한화,,,,
5,우중2, ,좌비, ,좌2, , , , ,3,2,2,1,0.258,홍세완,구장 : 무등,관중 : 651,2002.10.17(목),개시 : 18:30,경기시간 : 2:38,KIA,한화,,,,
6, , , , , , ,우비, , ,1,0,0,0,0.248,장일현,구장 : 무등,관중 : 651,2002.10.17(목),개시 : 18:30,경기시간 : 2:38,KIA,한화,,,,
7, , , , , , , , , ,0,0,0,0,0.226,김태룡,구장 : 무등,관중 : 651,2002.10.17(목),개시 : 18:30,경기시간 : 2:38,KIA,한화,,,,
8,1비, , ,우안,좌홈, ,3땅, , ,4,2,3,1,0.263,펨버튼,구장 : 무등,관중 : 651,2002.10.17(목),개시 : 18:30,경기시간 : 2:38,KIA,한화,,,,
9, ,3땅, ,삼진,2땅, , , , ,3,0,0,0,0.301,신동주,구장 : 무등,관중 : 651,2002.10.17(목),개시 : 18:30,경기시간 : 2:38,KIA,한화,,,,
10, , , , , , ,좌비, , ,1,0,0,0,0.224,김인철,구장 : 무등,관중 : 651,2002.10.17(목),개시 : 18:30,경기시간 : 2:38,KIA,한화,,,,
11, ,좌안, ,유비, ,우안, ,유땅, ,4,2,0,0,0.263,김경언,구장 : 무등,관중 : 651,2002.10.17(목),개시 : 18:30,경기시간 : 2:38,KIA,한화,,,,
12, ,우중안, ,유땅, ,유땅, , , ,3,1,0,0,0.221,김상훈,구장 : 무등,관중 : 651,2002.10.17(목),개시 : 18:30,경기시간 : 2:38,KIA,한화,,,,
13, , , , , , , , , ,0,0,0,1,0.000,심제훈,구장 : 무등,관중 : 651,2002.10.17(목),개시 : 18:30,경기시간 : 2:38,KIA,한화,,,,
14, , , , , , , ,3땅, ,1,0,0,0,0.262,김지훈,구장 : 무등,관중 : 651,2002.10.17(목),개시 : 18:30,경기시간 : 2:38,KIA,한화,,,,
15, ,삼진, , ,중안,사구, , , ,2,1,0,2,0.305,정성훈,구장 : 무등,관중 : 651,2002.10.17(목),개시 : 18:30,경기시간 : 2:38,KIA,한화,,,,
16, , , , , , , ,유땅, ,1,0,0,0,0.269,이현곤,구장 : 무등,관중 : 651,2002.10.17(목),개시 : 18:30,경기시간 : 2:38,KIA,한화,,,,
0,우안, ,좌비, , , , , , ,2,1,0,0,0.290,강동우,구장 : 사직,관중 : 272,2002.10.18(금),개시 : 18:29,경기시간 : 2:11,삼성,롯데,,,,
1, , , , , ,삼진, , ,삼진,2,0,0,0,0.000,이태호,구장 : 사직,관중 : 272,2002.10.18(금),개시 : 18:29,경기시간 : 2:11,삼성,롯데,,,,
2,유2병, , ,1땅, , , , , ,2,0,0,0,0.268,박한이,구장 : 사직,관중 : 272,2002.10.18(금),개시 : 18:29,경기시간 : 2:11,삼성,롯데,,,,
3, , , , , ,1땅, , ,중비,2,0,0,0,0.000,장영균,구장 : 사직,관중 : 272,2002.10.18(금),개시 : 18:29,경기시간 : 2:11,삼성,롯데,,,,
4,삼진, , ,3비, , ,우비, ,중비,4,0,0,0,0.325,이승엽,구장 : 사직,관중 : 272,2002.10.18(금),개시 : 18:29,경기시간 : 2:11,삼성,롯데,,,,
5, ,2비, ,삼진, , ,3땅, , ,3,0,0,0,0.322,마해영,구장 : 사직,관중 : 272,2002.10.18(금),개시 : 18:29,경기시간 : 2:11,삼성,롯데,,,,
6, ,3땅, , , , , , , ,1,0,0,0,0.283,브리또,구장 : 사직,관중 : 272,2002.10.18(금),개시 : 18:29,경기시간 : 2:11,삼성,롯데,,,,
7, , , , , , , , , ,0,0,0,0,0.202,김재걸,구장 : 사직,관중 : 272,2002.10.18(금),개시 : 18:29,경기시간 : 2:11,삼성,롯데,,,,
8, , , , ,유땅, ,포파, , ,2,0,0,0,0.000,조동찬,구장 : 사직,관중 : 272,2002.10.18(금),개시 : 18:29,경기시간 : 2:11,삼성,롯데,,,,
9, ,4구, , ,1땅, , ,2땅, ,2,0,0,0,0.277,양준혁,구장 : 사직,관중 : 272,2002.10.18(금),개시 : 18:29,경기시간 : 2:11,삼성,롯데,,,,
10, ,3비, , ,삼진, , ,2땅, ,3,0,0,0,0.176,김승권,구장 : 사직,관중 : 272,2002.10.18(금),개시 : 18:29,경기시간 : 2:11,삼성,롯데,,,,
11, , ,유땅, , , , , , ,1,0,0,0,0.200,현재윤,구장 : 사직,관중 : 272,2002.10.18(금),개시 : 18:29,경기시간 : 2:11,삼성,롯데,,,,
12, , , , , ,우중2, , , ,1,1,0,0,1.000,최형우,구장 : 사직,관중 : 272,2002.10.18(금),개시 : 18:29,경기시간 : 2:11,삼성,롯데,,,,
13, , , , , , , ,중비, ,1,0,0,0,0.282,진갑용,구장 : 사직,관중 : 272,2002.10.18(금),개시 : 18:29,경기시간 : 2:11,삼성,롯데,,,,
14, , ,중비, , ,삼진, , , ,2,0,0,0,0.237,박정환,구장 : 사직,관중 : 272,2002.10.18(금),개시 : 18:29,경기시간 : 2:11,삼성,롯데,,,,
15, , , , , , , , ,좌2,1,1,0,0,0.167,임재철,구장 : 사직,관중 : 272,2002.10.18(금),개시 : 18:29,경기시간 : 2:11,삼성,롯데,,,,
0,좌안,투희번, ,중안, ,2땅, ,삼진, ,4,2,0,2,0.236,조성환,구장 : 사직,관중 : 272,2002.10.18(금),개시 : 18:29,경기시간 : 2:11,롯데,삼성,,,,
1,2땅,중비, ,좌홈, ,3땅, ,삼진, ,5,1,2,1,0.258,이동욱,구장 : 사직,관중 : 272,2002.10.18(금),개시 : 18:29,경기시간 : 2:11,롯데,삼성,,,,
2,삼진,유안, ,좌2, , , , , ,3,2,1,0,0.260,박정태,구장 : 사직,관중 : 272,2002.10.18(금),개시 : 18:29,경기시간 : 2:11,롯데,삼성,,,,
3, , , , , ,좌안, , , ,1,1,0,1,0.200,신명철,구장 : 사직,관중 : 272,2002.10.18(금),개시 : 18:29,경기시간 : 2:11,롯데,삼성,,,,
4,좌안, ,좌안,4구, ,우비, , , ,3,2,1,2,0.266,김정현,구장 : 사직,관중 : 272,2002.10.18(금),개시 : 18:29,경기시간 : 2:11,롯데,삼성,,,,
5,중안, ,삼진,중2, , ,4구, , ,3,2,2,1,0.283,최기문,구장 : 사직,관중 : 272,2002.10.18(금),개시 : 18:29,경기시간 : 2:11,롯데,삼성,,,,
6, , , , , , , , , ,0,0,0,0,0.184,허일상,구장 : 사직,관중 : 272,2002.10.18(금),개시 : 18:29,경기시간 : 2:11,롯데,삼성,,,,
7,좌2, ,우안,삼진, , ,1파, , ,4,2,2,0,0.219,김주찬,구장 : 사직,관중 : 272,2002.10.18(금),개시 : 18:29,경기시간 : 2:11,롯데,삼성,,,,
8,3땅, ,3땅, ,3비, ,좌비, , ,4,0,0,0,0.193,김태균,구장 : 사직,관중 : 272,2002.10.18(금),개시 : 18:29,경기시간 : 2:11,롯데,삼성,,,,
9, ,좌안, ,삼진,중비, ,우비, , ,4,1,0,1,0.242,엄정대,구장 : 사직,관중 : 272,2002.10.18(금),개시 : 18:29,경기시간 : 2:11,롯데,삼성,,,,
10, ,사구, ,1땅,삼진, , ,3땅, ,3,0,0,0,0.183,권오현,구장 : 사직,관중 : 272,2002.10.18(금),개시 : 18:29,경기시간 : 2:11,롯데,삼성,,,,
0,2땅,3땅, , , , , , , ,2,0,0,0,0.274,최익성,구장 : 잠실,"관중 : 7,034",2002.10.18(금),개시 : 18:30,경기시간 : 3:25,현대,LG,,,,
1, , , ,중비, , ,우중3, , ,2,1,0,0,0.301,전준호,구장 : 잠실,"관중 : 7,034",2002.10.18(금),개시 : 18:30,경기시간 : 3:25,현대,LG,,,,
2, , , , , , , , ,좌중안,1,1,0,1,0.184,김민우,구장 : 잠실,"관중 : 7,034",2002.10.18(금),개시 : 18:30,경기시간 : 3:25,현대,LG,,,,
3,좌2,좌안, , ,1땅, ,좌비, , ,4,2,1,0,0.264,박종호,구장 : 잠실,"관중 : 7,034",2002.10.18(금),개시 : 18:30,경기시간 : 3:25,현대,LG,,,,
4, , , , , , , , ,포희번,0,0,0,0,0.221,김일경,구장 : 잠실,"관중 : 7,034",2002.10.18(금),개시 : 18:30,경기시간 : 3:25,현대,LG,,,,
5,삼진,유땅, , ,유땅, ,삼진, ,4구,4,0,0,0,0.278,박재홍,구장 : 잠실,"관중 : 7,034",2002.10.18(금),개시 : 18:30,경기시간 : 3:25,현대,LG,,,,
6,4구, ,3파, ,좌비, ,삼진, ,4구,3,0,0,0,0.321,심정수,구장 : 잠실,"관중 : 7,034",2002.10.18(금),개시 : 18:30,경기시간 : 3:25,현대,LG,,,,
7,4구, ,삼진, , ,삼진, ,4구, ,2,0,0,0,0.276,프랭클린,구장 : 잠실,"관중 : 7,034",2002.10.18(금),개시 : 18:30,경기시간 : 3:25,현대,LG,,,,
8, , , , , , , , ,삼진,1,0,0,0,0.136,서한규,구장 : 잠실,"관중 : 7,034",2002.10.18(금),개시 : 18:30,경기시간 : 3:25,현대,LG,,,,
9,삼진, ,4구, , ,우홈, ,삼진, ,3,1,1,1,0.204,박경완,구장 : 잠실,"관중 : 7,034",2002.10.18(금),개시 : 18:30,경기시간 : 3:25,현대,LG,,,,
10, , , , , , , , ,4구,0,0,1,0,0.286,이숭용,구장 : 잠실,"관중 : 7,034",2002.10.18(금),개시 : 18:30,경기시간 : 3:25,현대,LG,,,,
11, ,유땅,1땅, , ,삼진, ,중안, ,4,1,0,0,0.280,폴,구장 : 잠실,"관중 : 7,034",2002.10.18(금),개시 : 18:30,경기시간 : 3:25,현대,LG,,,,
12, , , , , , , , ,포파,1,0,0,0,0.224,조재호,구장 : 잠실,"관중 : 7,034",2002.10.18(금),개시 : 18:30,경기시간 : 3:25,현대,LG,,,,
13, ,좌2, ,3땅, ,4구, ,포파, ,3,1,0,1,0.220,박진만,구장 : 잠실,"관중 : 7,034",2002.10.18(금),개시 : 18:30,경기시간 : 3:25,현대,LG,,,,
14, ,중안, ,유직, ,삼진, , , ,3,1,1,1,0.313,전근표,구장 : 잠실,"관중 : 7,034",2002.10.18(금),개시 : 18:30,경기시간 : 3:25,현대,LG,,,,
15, , , , , , , ,삼진, ,1,0,0,0,0.274,강귀태,구장 : 잠실,"관중 : 7,034",2002.10.18(금),개시 : 18:30,경기시간 : 3:25,현대,LG,,,,
0,우비, ,중비, ,3희번, ,3땅, , ,3,0,0,0,0.310,유지현,구장 : 잠실,"관중 : 7,034",2002.10.18(금),개시 : 18:30,경기시간 : 3:25,LG,현대,,,,
1,4구, ,좌중2, ,우비, , ,유땅, ,3,1,0,0,0.288,이병규,구장 : 잠실,"관중 : 7,034",2002.10.18(금),개시 : 18:30,경기시간 : 3:25,LG,현대,,,,
2,4구, ,삼진, ,3안, , ,삼진, ,3,1,1,0,0.288,박용택,구장 : 잠실,"관중 : 7,034",2002.10.18(금),개시 : 18:30,경기시간 : 3:25,LG,현대,,,,
3,포파, ,삼진, , ,2비, ,삼진, ,4,0,0,0,0.279,마르티네,구장 : 잠실,"관중 : 7,034",2002.10.18(금),개시 : 18:30,경기시간 : 3:25,LG,현대,,,,
4,유땅, , ,좌2, ,좌비, , ,삼진,4,1,0,1,0.239,최동수,구장 : 잠실,"관중 : 7,034",2002.10.18(금),개시 : 18:30,경기시간 : 3:25,LG,현대,,,,
5, ,유땅, ,2땅, ,3비, , ,좌2,4,1,0,0,0.267,이종열,구장 : 잠실,"관중 : 7,034",2002.10.18(금),개시 : 18:30,경기시간 : 3:25,LG,현대,,,,
6, ,삼진, ,2땅, , ,4구, , ,2,0,1,0,0.211,손지환,구장 : 잠실,"관중 : 7,034",2002.10.18(금),개시 : 18:30,경기시간 : 3:25,LG,현대,,,,
7, , , , , , , , ,투땅,1,0,0,0,0.229,안상준,구장 : 잠실,"관중 : 7,034",2002.10.18(금),개시 : 18:30,경기시간 : 3:25,LG,현대,,,,
8, ,유안, ,1파, , ,투희번, ,1파,3,1,0,0,0.268,조인성,구장 : 잠실,"관중 : 7,034",2002.10.18(금),개시 : 18:30,경기시간 : 3:25,LG,현대,,,,
9, ,중비, , ,2안, , , , ,2,1,0,1,0.219,권용관,구장 : 잠실,"관중 : 7,034",2002.10.18(금),개시 : 18:30,경기시간 : 3:25,LG,현대,,,,
10, , , , , , ,삼진, , ,1,0,0,0,0.250,이일의,구장 : 잠실,"관중 : 7,034",2002.10.18(금),개시 : 18:30,경기시간 : 3:25,LG,현대,,,,
11, , , , , , , , , ,0,0,0,0,0.185,김우석,구장 : 잠실,"관중 : 7,034",2002.10.18(금),개시 : 18:30,경기시간 : 3:25,LG,현대,,,,
0,삼진, ,중안, ,4구,2땅, , ,삼진,4,1,0,0,0.250,전상렬,구장 : 문학,"관중 : 1,527",2002.10.18(금),개시 : 18:30,경기시간 : 3:08,두산,SK,,,,
1,4구, ,2땅, ,1땅, ,1파, ,1파,4,0,0,1,0.277,장원진,구장 : 문학,"관중 : 1,527",2002.10.18(금),개시 : 18:30,경기시간 : 3:08,두산,SK,,,,
2,우안, ,좌비, ,좌비, ,삼진, , ,4,1,0,1,0.318,김동주,구장 : 문학,"관중 : 1,527",2002.10.18(금),개시 : 18:30,경기시간 : 3:08,두산,SK,,,,
3, , , , , , , , , ,0,0,0,0,0.169,홍원기,구장 : 문학,"관중 : 1,527",2002.10.18(금),개시 : 18:30,경기시간 : 3:08,두산,SK,,,,
4,우홈, ,4구, , ,삼진,1비, , ,3,1,3,1,0.253,우즈,구장 : 문학,"관중 : 1,527",2002.10.18(금),개시 : 18:30,경기시간 : 3:08,두산,SK,,,,
5,우비, ,삼진, , ,중안, ,3땅, ,4,1,0,1,0.290,안경현,구장 : 문학,"관중 : 1,527",2002.10.18(금),개시 : 18:30,경기시간 : 3:08,두산,SK,,,,
6,3땅, , ,유비, ,2직, ,좌안, ,4,1,0,0,0.289,홍성흔,구장 : 문학,"관중 : 1,527",2002.10.18(금),개시 : 18:30,경기시간 : 3:08,두산,SK,,,,
7, ,투번, ,2땅, ,4구, , , ,2,0,0,0,0.276,최경환,구장 : 문학,"관중 : 1,527",2002.10.18(금),개시 : 18:30,경기시간 : 3:08,두산,SK,,,,
8, , , , , , , ,중비, ,1,0,0,0,0.256,강봉규,구장 : 문학,"관중 : 1,527",2002.10.18(금),개시 : 18:30,경기시간 : 3:08,두산,SK,,,,
9, ,2비, ,유땅, , , , , ,2,0,0,0,0.156,김민호,구장 : 문학,"관중 : 1,527",2002.10.18(금),개시 : 18:30,경기시간 : 3:08,두산,SK,,,,
10, , , , , ,4구, , , ,0,0,0,0,0.243,심재학,구장 : 문학,"관중 : 1,527",2002.10.18(금),개시 : 18:30,경기시간 : 3:08,두산,SK,,,,
11, , , , , , , ,삼진, ,1,0,0,0,0.255,김호,구장 : 문학,"관중 : 1,527",2002.10.18(금),개시 : 18:30,경기시간 : 3:08,두산,SK,,,,
12, ,중비, , ,유땅,3안, , ,삼진,4,1,1,0,0.235,정수근,구장 : 문학,"관중 : 1,527",2002.10.18(금),개시 : 18:30,경기시간 : 3:08,두산,SK,,,,
0,좌안,삼진, ,중안,1땅, ,유땅, , ,5,2,0,1,0.308,이진영,구장 : 문학,"관중 : 1,527",2002.10.18(금),개시 : 18:30,경기시간 : 3:08,SK,두산,,,,
1,32병,우2, ,중희비, ,우안, , , ,3,2,3,1,0.283,정경배,구장 : 문학,"관중 : 1,527",2002.10.18(금),개시 : 18:30,경기시간 : 3:08,SK,두산,,,,
2, , , , , , , ,중안, ,1,1,0,1,0.257,최태원,구장 : 문학,"관중 : 1,527",2002.10.18(금),개시 : 18:30,경기시간 : 3:08,SK,두산,,,,
3,우홈,중홈, ,4구, ,투2병, ,삼진, ,4,2,3,2,0.291,채종범,구장 : 문학,"관중 : 1,527",2002.10.18(금),개시 : 18:30,경기시간 : 3:08,SK,두산,,,,
4,1땅,유땅, ,좌안, ,삼진, ,중홈, ,5,2,3,1,0.279,페르난데,구장 : 문학,"관중 : 1,527",2002.10.18(금),개시 : 18:30,경기시간 : 3:08,SK,두산,,,,
5, , , , , , , , , ,0,0,0,0,0.227,송재익,구장 : 문학,"관중 : 1,527",2002.10.18(금),개시 : 18:30,경기시간 : 3:08,SK,두산,,,,
6, ,좌안,1파,좌안, , ,좌중홈,삼진, ,5,3,1,2,0.289,이호준,구장 : 문학,"관중 : 1,527",2002.10.18(금),개시 : 18:30,경기시간 : 3:08,SK,두산,,,,
7, ,4구,2비,삼진, , ,우중2,좌비, ,4,1,0,1,0.149,강혁,구장 : 문학,"관중 : 1,527",2002.10.18(금),개시 : 18:30,경기시간 : 3:08,SK,두산,,,,
8, ,3땅,좌2,삼진, , ,우안, , ,4,2,0,1,0.269,조원우,구장 : 문학,"관중 : 1,527",2002.10.18(금),개시 : 18:30,경기시간 : 3:08,SK,두산,,,,
9, ,우안,삼진, ,유땅, ,유땅, , ,4,1,2,1,0.223,양용모,구장 : 문학,"관중 : 1,527",2002.10.18(금),개시 : 18:30,경기시간 : 3:08,SK,두산,,,,
10, ,좌중2, ,4구,1파, ,좌비, , ,3,1,1,2,0.258,김민재,구장 : 문학,"관중 : 1,527",2002.10.18(금),개시 : 18:30,경기시간 : 3:08,SK,두산,,,,
0,좌비, ,2땅, ,1땅, ,투땅, , ,4,0,1,0,0.246,전상렬,구장 : 문학,"관중 : 3,740",2002.10.19(토),개시 : 16:59,경기시간 : 2:39,두산,SK,,,,
1, , , , , , , , , ,0,0,0,0,0.235,정수근,구장 : 문학,"관중 : 3,740",2002.10.19(토),개시 : 16:59,경기시간 : 2:39,두산,SK,,,,
2, , , , , , , , ,우안,1,1,0,0,0.245,심재학,구장 : 문학,"관중 : 3,740",2002.10.19(토),개시 : 16:59,경기시간 : 2:39,두산,SK,,,,
3, , , , , , , , , ,0,0,0,0,0.000,김학재,구장 : 문학,"관중 : 3,740",2002.10.19(토),개시 : 16:59,경기시간 : 2:39,두산,SK,,,,
4,좌비, ,중희비, ,유비, ,삼진, ,유땅,4,0,1,0,0.275,장원진,구장 : 문학,"관중 : 3,740",2002.10.19(토),개시 : 16:59,경기시간 : 2:39,두산,SK,,,,
5,좌비, ,2땅, , ,2땅, ,3땅, ,4,0,0,0,0.288,안경현,구장 : 문학,"관중 : 3,740",2002.10.19(토),개시 : 16:59,경기시간 : 2:39,두산,SK,,,,
6, , , , , , , , , ,0,0,0,0,0.100,고영민,구장 : 문학,"관중 : 3,740",2002.10.19(토),개시 : 16:59,경기시간 : 2:39,두산,SK,,,,
7, ,2땅, ,우안, ,중안, ,유실, ,4,2,0,0,0.256,우즈,구장 : 문학,"관중 : 3,740",2002.10.19(토),개시 : 16:59,경기시간 : 2:39,두산,SK,,,,
8, ,유땅, ,삼진, ,삼진, ,삼진, ,4,0,0,0,0.250,강봉규,구장 : 문학,"관중 : 3,740",2002.10.19(토),개시 : 16:59,경기시간 : 2:39,두산,SK,,,,
9, ,삼진, ,1파, ,4구, ,좌비, ,3,0,0,0,0.274,최경환,구장 : 문학,"관중 : 3,740",2002.10.19(토),개시 : 16:59,경기시간 : 2:39,두산,SK,,,,
10, , ,우안, ,좌비,3땅, , ,2비,4,1,0,1,0.171,홍원기,구장 : 문학,"관중 : 3,740",2002.10.19(토),개시 : 16:59,경기시간 : 2:39,두산,SK,,,,
11, , ,우중안, ,4구, ,좌안, ,2땅,3,2,0,1,0.294,강인권,구장 : 문학,"관중 : 3,740",2002.10.19(토),개시 : 16:59,경기시간 : 2:39,두산,SK,,,,
12, , ,우안, ,우안, ,2땅, , ,3,2,0,0,0.262,김호,구장 : 문학,"관중 : 3,740",2002.10.19(토),개시 : 16:59,경기시간 : 2:39,두산,SK,,,,
13, , , , , , , , ,4구,0,0,0,0,0.125,문희성,구장 : 문학,"관중 : 3,740",2002.10.19(토),개시 : 16:59,경기시간 : 2:39,두산,SK,,,,
0,3파, ,좌비, ,중안,4구, ,삼진, ,4,1,0,1,0.308,이진영,구장 : 문학,"관중 : 3,740",2002.10.19(토),개시 : 16:59,경기시간 : 2:39,SK,두산,,,,
1,우안, ,2안, ,4구,1땅, , , ,3,2,1,0,0.262,최태원,구장 : 문학,"관중 : 3,740",2002.10.19(토),개시 : 16:59,경기시간 : 2:39,SK,두산,,,,
2, , , , , , , ,2땅, ,1,0,0,0,0.281,정경배,구장 : 문학,"관중 : 3,740",2002.10.19(토),개시 : 16:59,경기시간 : 2:39,SK,두산,,,,
3,좌비, ,중비, ,유비,좌안, , , ,4,1,2,0,0.291,채종범,구장 : 문학,"관중 : 3,740",2002.10.19(토),개시 : 16:59,경기시간 : 2:39,SK,두산,,,,
4,삼진, , ,중홈, ,중안/ 3땅, , , ,4,2,1,2,0.281,페르난데,구장 : 문학,"관중 : 3,740",2002.10.19(토),개시 : 16:59,경기시간 : 2:39,SK,두산,,,,
5, ,1파, ,중비, ,중홈,3땅, , ,4,1,2,1,0.288,이호준,구장 : 문학,"관중 : 3,740",2002.10.19(토),개시 : 16:59,경기시간 : 2:39,SK,두산,,,,
6, ,우안, ,삼진, ,중안,좌안, , ,4,3,0,1,0.267,양현석,구장 : 문학,"관중 : 3,740",2002.10.19(토),개시 : 16:59,경기시간 : 2:39,SK,두산,,,,
7, ,좌파, ,삼진, ,우중2,유땅, , ,4,1,1,1,0.214,조경환,구장 : 문학,"관중 : 3,740",2002.10.19(토),개시 : 16:59,경기시간 : 2:39,SK,두산,,,,
8, ,3땅, , ,2비,중비,삼진, , ,4,0,0,0,0.215,양용모,구장 : 문학,"관중 : 3,740",2002.10.19(토),개시 : 16:59,경기시간 : 2:39,SK,두산,,,,
9, , ,3땅, ,삼진,우중안, ,삼진, ,4,1,0,1,0.229,송재익,구장 : 문학,"관중 : 3,740",2002.10.19(토),개시 : 16:59,경기시간 : 2:39,SK,두산,,,,
0,좌비,2땅, , ,삼진, , , , ,3,0,0,0,0.315,이영우,구장 : 사직,관중 : 69,2002.10.19(토),개시 : 16:59,경기시간 : 2:18,한화,롯데,,,,
1, , , , , , , ,투번, ,1,0,0,0,0.201,김수연,구장 : 사직,관중 : 69,2002.10.19(토),개시 : 16:59,경기시간 : 2:18,한화,롯데,,,,
2,중안, ,2비, , ,4구, ,3땅, ,3,1,0,2,0.414,조윤채,구장 : 사직,관중 : 69,2002.10.19(토),개시 : 16:59,경기시간 : 2:18,한화,롯데,,,,
3,좌안, ,좌비, , ,우비, ,투땅, ,4,1,0,0,0.289,강석천,구장 : 사직,관중 : 69,2002.10.19(토),개시 : 16:59,경기시간 : 2:18,한화,롯데,,,,
4,삼진, ,삼진, , ,삼진, , , ,3,0,0,0,0.291,송지만,구장 : 사직,관중 : 69,2002.10.19(토),개시 : 16:59,경기시간 : 2:18,한화,롯데,,,,
5, , , , , , , , ,중안,1,1,0,0,0.256,조현수,구장 : 사직,관중 : 69,2002.10.19(토),개시 : 16:59,경기시간 : 2:18,한화,롯데,,,,
6, , , , , , , , , ,0,0,0,1,0.000,김대원,구장 : 사직,관중 : 69,2002.10.19(토),개시 : 16:59,경기시간 : 2:18,한화,롯데,,,,
7, , , , , , , , , ,0,0,0,0,0.238,조효상,구장 : 사직,관중 : 69,2002.10.19(토),개시 : 16:59,경기시간 : 2:18,한화,롯데,,,,
8,우안, , ,삼진, ,좌안, , , ,3,2,2,0,0.248,장종훈,구장 : 사직,관중 : 69,2002.10.19(토),개시 : 16:59,경기시간 : 2:18,한화,롯데,,,,
9, , , , , , , , ,좌안,1,1,0,0,0.255,김태균,구장 : 사직,관중 : 69,2002.10.19(토),개시 : 16:59,경기시간 : 2:18,한화,롯데,,,,
10,유땅, , ,1파, , , , , ,2,0,0,0,0.241,이도형,구장 : 사직,관중 : 69,2002.10.19(토),개시 : 16:59,경기시간 : 2:18,한화,롯데,,,,
11, , , , , ,1직, , ,중비,2,0,0,0,0.204,조경택,구장 : 사직,관중 : 69,2002.10.19(토),개시 : 16:59,경기시간 : 2:18,한화,롯데,,,,
12, ,좌2, ,2땅, , ,3땅, ,4구,3,1,0,1,0.260,이범호,구장 : 사직,관중 : 69,2002.10.19(토),개시 : 16:59,경기시간 : 2:18,한화,롯데,,,,
13, ,투희번, , ,2땅, ,3땅, ,우희비,2,0,1,0,0.227,임수민,구장 : 사직,관중 : 69,2002.10.19(토),개시 : 16:59,경기시간 : 2:18,한화,롯데,,,,
14, ,우희비, , ,1땅, ,2땅, ,투직,3,0,1,0,0.255,허준,구장 : 사직,관중 : 69,2002.10.19(토),개시 : 16:59,경기시간 : 2:18,한화,롯데,,,,
0,1땅, ,1실,투땅, , ,좌안, ,1비,5,1,0,2,0.235,조성환,구장 : 사직,관중 : 69,2002.10.19(토),개시 : 16:59,경기시간 : 2:18,롯데,한화,,,,
1,삼진, ,우안, ,3땅, ,우안, ,중안,5,3,1,0,0.268,이동욱,구장 : 사직,관중 : 69,2002.10.19(토),개시 : 16:59,경기시간 : 2:18,롯데,한화,,,,
2, , , , , , , , , ,0,0,0,0,0.243,박기혁,구장 : 사직,관중 : 69,2002.10.19(토),개시 : 16:59,경기시간 : 2:18,롯데,한화,,,,
3,3땅, ,좌안, , , , , , ,2,1,1,0,0.262,박정태,구장 : 사직,관중 : 69,2002.10.19(토),개시 : 16:59,경기시간 : 2:18,롯데,한화,,,,
4, , , , ,1안, ,좌희비, ,유땅,2,1,1,0,0.205,신명철,구장 : 사직,관중 : 69,2002.10.19(토),개시 : 16:59,경기시간 : 2:18,롯데,한화,,,,
5, ,2땅,삼진, ,삼진, ,3땅, , ,4,0,0,0,0.250,김정현,구장 : 사직,관중 : 69,2002.10.19(토),개시 : 16:59,경기시간 : 2:18,롯데,한화,,,,
6, ,우안,투땅, , , , , , ,2,1,0,0,0.285,최기문,구장 : 사직,관중 : 69,2002.10.19(토),개시 : 16:59,경기시간 : 2:18,롯데,한화,,,,
7, , , , , ,중안, , , ,1,1,0,0,0.333,최준석,구장 : 사직,관중 : 69,2002.10.19(토),개시 : 16:59,경기시간 : 2:18,롯데,한화,,,,
8, , , , , , , ,좌2, ,1,1,0,0,0.200,허일상,구장 : 사직,관중 : 69,2002.10.19(토),개시 : 16:59,경기시간 : 2:18,롯데,한화,,,,
9, ,우안, ,삼진, ,삼진, ,중비, ,4,1,0,0,0.220,김주찬,구장 : 사직,관중 : 69,2002.10.19(토),개시 : 16:59,경기시간 : 2:18,롯데,한화,,,,
10, ,4구, , , , , , , ,0,0,0,0,0.193,김태균,구장 : 사직,관중 : 69,2002.10.19(토),개시 : 16:59,경기시간 : 2:18,롯데,한화,,,,
11, , , ,중안, , , , , ,1,1,0,0,0.284,김응국,구장 : 사직,관중 : 69,2002.10.19(토),개시 : 16:59,경기시간 : 2:18,롯데,한화,,,,
12, , , , , ,32병, ,3땅, ,2,0,0,0,0.152,박준서,구장 : 사직,관중 : 69,2002.10.19(토),개시 : 16:59,경기시간 : 2:18,롯데,한화,,,,
13, ,유2병, ,사구, , ,우안, , ,2,1,0,1,0.250,엄정대,구장 : 사직,관중 : 69,2002.10.19(토),개시 : 16:59,경기시간 : 2:18,롯데,한화,,,,
14, , , , , , , ,2비, ,1,0,0,0,0.218,이계성,구장 : 사직,관중 : 69,2002.10.19(토),개시 : 16:59,경기시간 : 2:18,롯데,한화,,,,
15, , ,삼진,3땅, , ,2직, , ,3,0,0,0,0.176,권오현,구장 : 사직,관중 : 69,2002.10.19(토),개시 : 16:59,경기시간 : 2:18,롯데,한화,,,,
16, , , , , , , , ,유땅,1,0,0,0,0.263,허문회,구장 : 사직,관중 : 69,2002.10.19(토),개시 : 16:59,경기시간 : 2:18,롯데,한화,,,,
0,삼진, ,유땅, ,유땅, ,우중안, ,투땅,5,1,0,1,0.289,강동우,구장 : 무등,관중 : 789,2002.10.19(토),개시 : 17:00,경기시간 : 2:31,삼성,KIA,,,,
1,3비, , ,좌안, , , , , ,2,1,0,1,0.269,박한이,구장 : 무등,관중 : 789,2002.10.19(토),개시 : 17:00,경기시간 : 2:31,삼성,KIA,,,,
2, , , , , ,4구, , , ,0,0,0,0,0.282,진갑용,구장 : 무등,관중 : 789,2002.10.19(토),개시 : 17:00,경기시간 : 2:31,삼성,KIA,,,,
3, , , , , , ,좌중홈, ,유땅,2,1,2,1,0.176,임재철,구장 : 무등,관중 : 789,2002.10.19(토),개시 : 17:00,경기시간 : 2:31,삼성,KIA,,,,
4,유땅, , ,우중2, ,4구,삼진, , ,3,1,1,1,0.325,이승엽,구장 : 무등,관중 : 789,2002.10.19(토),개시 : 17:00,경기시간 : 2:31,삼성,KIA,,,,
5, ,우안, ,우안, ,4구, ,유땅, ,3,2,1,0,0.324,마해영,구장 : 무등,관중 : 789,2002.10.19(토),개시 : 17:00,경기시간 : 2:31,삼성,KIA,,,,
6, ,2땅, ,2유병, ,유직, ,삼진, ,4,0,0,0,0.275,양준혁,구장 : 무등,관중 : 789,2002.10.19(토),개시 : 17:00,경기시간 : 2:31,삼성,KIA,,,,
7, , , , , , , , , ,0,0,0,0,0.000,이태호,구장 : 무등,관중 : 789,2002.10.19(토),개시 : 17:00,경기시간 : 2:31,삼성,KIA,,,,
8, ,3땅, ,1파, ,4구, ,유땅, ,3,0,0,0,0.169,김승권,구장 : 무등,관중 : 789,2002.10.19(토),개시 : 17:00,경기시간 : 2:31,삼성,KIA,,,,
9, ,2땅, , ,삼진, , , , ,2,0,0,0,0.198,김재걸,구장 : 무등,관중 : 789,2002.10.19(토),개시 : 17:00,경기시간 : 2:31,삼성,KIA,,,,
10, , , , , , , , , ,0,0,0,0,0.000,조동찬,구장 : 무등,관중 : 789,2002.10.19(토),개시 : 17:00,경기시간 : 2:31,삼성,KIA,,,,
11, , , , , ,우비, , ,중안,2,1,0,1,0.311,김한수,구장 : 무등,관중 : 789,2002.10.19(토),개시 : 17:00,경기시간 : 2:31,삼성,KIA,,,,
12, , ,유땅, , , , , , ,1,0,0,0,0.188,현재윤,구장 : 무등,관중 : 789,2002.10.19(토),개시 : 17:00,경기시간 : 2:31,삼성,KIA,,,,
13, , , , ,우중2, ,2비, ,투희번,2,1,0,0,0.667,최형우,구장 : 무등,관중 : 789,2002.10.19(토),개시 : 17:00,경기시간 : 2:31,삼성,KIA,,,,
14, , ,삼진, ,유땅, ,삼진, ,4구,3,0,0,0,0.235,박정환,구장 : 무등,관중 : 789,2002.10.19(토),개시 : 17:00,경기시간 : 2:31,삼성,KIA,,,,
0,1땅, ,3파, , ,삼진, ,좌2, ,4,1,0,1,0.263,김경언,구장 : 무등,관중 : 789,2002.10.19(토),개시 : 17:00,경기시간 : 2:31,KIA,삼성,,,,
1,유땅, ,좌중홈, , , , , , ,2,1,2,1,0.285,김종국,구장 : 무등,관중 : 789,2002.10.19(토),개시 : 17:00,경기시간 : 2:31,KIA,삼성,,,,
2, , , , , ,3땅, , , ,1,0,0,0,0.223,김태룡,구장 : 무등,관중 : 789,2002.10.19(토),개시 : 17:00,경기시간 : 2:31,KIA,삼성,,,,
3, , , , , , , ,우희비, ,0,0,1,0,0.343,장성호,구장 : 무등,관중 : 789,2002.10.19(토),개시 : 17:00,경기시간 : 2:31,KIA,삼성,,,,
4, , , , , , , , , ,0,0,0,0,0.305,정성훈,구장 : 무등,관중 : 789,2002.10.19(토),개시 : 17:00,경기시간 : 2:31,KIA,삼성,,,,
5,좌안, ,3땅, , ,좌안, ,삼진, ,4,2,0,0,0.304,신동주,구장 : 무등,관중 : 789,2002.10.19(토),개시 : 17:00,경기시간 : 2:31,KIA,삼성,,,,
6,삼진, , , , , , , , ,1,0,0,0,0.257,홍세완,구장 : 무등,관중 : 789,2002.10.19(토),개시 : 17:00,경기시간 : 2:31,KIA,삼성,,,,
7, , , ,4구, ,투땅, ,좌비, ,2,0,0,0,0.228,장정석,구장 : 무등,관중 : 789,2002.10.19(토),개시 : 17:00,경기시간 : 2:31,KIA,삼성,,,,
8, ,삼진, ,32병, , ,사구, ,3땅,3,0,0,0,0.260,펨버튼,구장 : 무등,관중 : 789,2002.10.19(토),개시 : 17:00,경기시간 : 2:31,KIA,삼성,,,,
9, ,4구, ,투땅, , ,중비, ,3땅,3,0,0,0,0.273,김민철,구장 : 무등,관중 : 789,2002.10.19(토),개시 : 17:00,경기시간 : 2:31,KIA,삼성,,,,
10, ,32병, , ,좌비, ,삼진, ,2직,4,0,0,0,0.217,김창희,구장 : 무등,관중 : 789,2002.10.19(토),개시 : 17:00,경기시간 : 2:31,KIA,삼성,,,,
11, , ,유땅, , , , , , ,1,0,0,0,0.256,김지훈,구장 : 무등,관중 : 789,2002.10.19(토),개시 : 17:00,경기시간 : 2:31,KIA,삼성,,,,
12, , , , ,삼진, ,2땅, , ,2,0,0,0,0.214,조민철,구장 : 무등,관중 : 789,2002.10.19(토),개시 : 17:00,경기시간 : 2:31,KIA,삼성,,,,
13, , ,4구, ,투땅, , ,중홈, ,2,1,1,2,0.274,이현곤,구장 : 무등,관중 : 789,2002.10.19(토),개시 : 17:00,경기시간 : 2:31,KIA,삼성,,,,
0,좌비, , , , , , , , ,1,0,0,0,0.300,전준호,구장 : 잠실,"관중 : 7,426",2002.10.19(토),개시 : 17:00,경기시간 : 2:41,현대,LG,,,,
1, , ,삼진, , ,유땅, , ,유땅,3,0,0,0,0.154,정수성,구장 : 잠실,"관중 : 7,426",2002.10.19(토),개시 : 17:00,경기시간 : 2:41,현대,LG,,,,
2,3파, , ,좌중안, ,삼진, , , ,3,1,0,0,0.195,김민우,구장 : 잠실,"관중 : 7,426",2002.10.19(토),개시 : 17:00,경기시간 : 2:41,현대,LG,,,,
3, , , , , , , , ,좌안,1,1,0,0,0.266,박종호,구장 : 잠실,"관중 : 7,426",2002.10.19(토),개시 : 17:00,경기시간 : 2:41,현대,LG,,,,
4,4구, , ,32병, , ,삼진, ,중안,3,1,0,0,0.321,심정수,구장 : 잠실,"관중 : 7,426",2002.10.19(토),개시 : 17:00,경기시간 : 2:41,현대,LG,,,,
5,유비, , ,1땅, , , , , ,2,0,0,0,0.284,이숭용,구장 : 잠실,"관중 : 7,426",2002.10.19(토),개시 : 17:00,경기시간 : 2:41,현대,LG,,,,
6, , , , , , ,우비, , ,1,0,0,0,0.294,전근표,구장 : 잠실,"관중 : 7,426",2002.10.19(토),개시 : 17:00,경기시간 : 2:41,현대,LG,,,,
7, , , , , , , , ,3땅,1,0,0,0,0.219,박진만,구장 : 잠실,"관중 : 7,426",2002.10.19(토),개시 : 17:00,경기시간 : 2:41,현대,LG,,,,
8, ,투땅, , , , , , , ,1,0,0,0,0.278,박재홍,구장 : 잠실,"관중 : 7,426",2002.10.19(토),개시 : 17:00,경기시간 : 2:41,현대,LG,,,,
9, , , , ,중안, ,유땅, , ,2,1,0,0,0.280,최익성,구장 : 잠실,"관중 : 7,426",2002.10.19(토),개시 : 17:00,경기시간 : 2:41,현대,LG,,,,
10, ,삼진, , ,삼진, , , , ,2,0,0,0,0.203,박경완,구장 : 잠실,"관중 : 7,426",2002.10.19(토),개시 : 17:00,경기시간 : 2:41,현대,LG,,,,
11, , , , , , , ,3땅, ,1,0,0,0,0.272,강귀태,구장 : 잠실,"관중 : 7,426",2002.10.19(토),개시 : 17:00,경기시간 : 2:41,현대,LG,,,,
12, ,좌비, , ,우비, , ,투번, ,3,0,0,0,0.216,조재호,구장 : 잠실,"관중 : 7,426",2002.10.19(토),개시 : 17:00,경기시간 : 2:41,현대,LG,,,,
13, , ,2땅, ,우비, , ,유땅, ,3,0,0,0,0.213,김일경,구장 : 잠실,"관중 : 7,426",2002.10.19(토),개시 : 17:00,경기시간 : 2:41,현대,LG,,,,
14, , ,좌비, , ,3땅, , , ,2,0,0,0,0.130,서한규,구장 : 잠실,"관중 : 7,426",2002.10.19(토),개시 : 17:00,경기시간 : 2:41,현대,LG,,,,
15, , , , , , , , ,우홈,1,1,1,1,0.324,황윤성,구장 : 잠실,"관중 : 7,426",2002.10.19(토),개시 : 17:00,경기시간 : 2:41,현대,LG,,,,
0,중안,우안, , ,중안, , , , ,3,3,0,1,0.293,이병규,구장 : 잠실,"관중 : 7,426",2002.10.19(토),개시 : 17:00,경기시간 : 2:41,LG,현대,,,,
1, , , , , ,2땅, ,삼진, ,2,0,0,0,0.248,최만호,구장 : 잠실,"관중 : 7,426",2002.10.19(토),개시 : 17:00,경기시간 : 2:41,LG,현대,,,,
2,유땅,좌중안, , ,중안, ,1땅,삼진, ,5,2,0,0,0.214,손지환,구장 : 잠실,"관중 : 7,426",2002.10.19(토),개시 : 17:00,경기시간 : 2:41,LG,현대,,,,
3,1땅,삼진, , ,4구, ,우중홈, , ,3,1,1,1,0.288,박용택,구장 : 잠실,"관중 : 7,426",2002.10.19(토),개시 : 17:00,경기시간 : 2:41,LG,현대,,,,
4,중안, ,삼진, , , , , , ,2,1,1,1,0.198,박연수,구장 : 잠실,"관중 : 7,426",2002.10.19(토),개시 : 17:00,경기시간 : 2:41,LG,현대,,,,
5, , , , ,삼진, ,중비, , ,2,0,0,0,0.246,이일의,구장 : 잠실,"관중 : 7,426",2002.10.19(토),개시 : 17:00,경기시간 : 2:41,LG,현대,,,,
6,중안, ,유땅, ,삼진, ,우안, , ,4,2,0,0,0.243,최동수,구장 : 잠실,"관중 : 7,426",2002.10.19(토),개시 : 17:00,경기시간 : 2:41,LG,현대,,,,
7, , , , , , , , , ,0,0,0,0,0.143,김용우,구장 : 잠실,"관중 : 7,426",2002.10.19(토),개시 : 17:00,경기시간 : 2:41,LG,현대,,,,
8, , , , , , , , , ,0,0,0,0,0.216,김정민,구장 : 잠실,"관중 : 7,426",2002.10.19(토),개시 : 17:00,경기시간 : 2:41,LG,현대,,,,
9,우안, ,우비, , ,4구,2땅, , ,3,1,1,0,0.215,심성보,구장 : 잠실,"관중 : 7,426",2002.10.19(토),개시 : 17:00,경기시간 : 2:41,LG,현대,,,,
10,유땅, , , , , , , , ,1,0,0,0,0.200,추승우,구장 : 잠실,"관중 : 7,426",2002.10.19(토),개시 : 17:00,경기시간 : 2:41,LG,현대,,,,
11, , , ,2비, ,좌안, ,삼진, ,3,1,0,0,0.200,김우석,구장 : 잠실,"관중 : 7,426",2002.10.19(토),개시 : 17:00,경기시간 : 2:41,LG,현대,,,,
12, ,우안, ,3땅, ,삼진, , , ,3,1,0,0,0.222,장재중,구장 : 잠실,"관중 : 7,426",2002.10.19(토),개시 : 17:00,경기시간 : 2:41,LG,현대,,,,
13, , , , , , , ,3실, ,1,0,0,0,0.279,마르티네,구장 : 잠실,"관중 : 7,426",2002.10.19(토),개시 : 17:00,경기시간 : 2:41,LG,현대,,,,
14, ,32병, ,우비, , , , , ,2,0,0,0,0.218,권용관,구장 : 잠실,"관중 : 7,426",2002.10.19(토),개시 : 17:00,경기시간 : 2:41,LG,현대,,,,
15, , , , , ,2비, , , ,1,0,0,0,0.154,김재학,구장 : 잠실,"관중 : 7,426",2002.10.19(토),개시 : 17:00,경기시간 : 2:41,LG,현대,,,,
16, , , , , , , ,중안, ,1,1,0,0,0.245,안상준,구장 : 잠실,"관중 : 7,426",2002.10.19(토),개시 : 17:00,경기시간 : 2:41,LG,현대,,,,
0,삼진, ,유땅, , , , , , ,2,0,0,0,0.288,강동우,구장 : 무등,관중 : 525,2002.10.20(일),개시 : 14:00,경기시간 : 4:04,삼성,KIA, , , , 
1, , , ,우비, ,우중2, ,중안, ,4,2,0,0,0.194,임재철,구장 : 무등,관중 : 525,2002.10.20(일),개시 : 14:00,경기시간 : 4:04,삼성,KIA,4구, ,우비, 
2,우안, ,중안, , , , , , ,2,2,0,0,0.272,박한이,구장 : 무등,관중 : 525,2002.10.20(일),개시 : 14:00,경기시간 : 4:04,삼성,KIA, , , , 
3, , , , ,좌중2, , , , ,1,1,0,1,0.250,장영균,구장 : 무등,관중 : 525,2002.10.20(일),개시 : 14:00,경기시간 : 4:04,삼성,KIA, , , , 
4, , , , , ,유비, , , ,1,0,0,0,0.281,진갑용,구장 : 무등,관중 : 525,2002.10.20(일),개시 : 14:00,경기시간 : 4:04,삼성,KIA, , , , 
5, , , , , , , ,1땅, ,2,0,0,0,0.400,최형우,구장 : 무등,관중 : 525,2002.10.20(일),개시 : 14:00,경기시간 : 4:04,삼성,KIA,유땅, , , 
6, , , , , , , , , ,1,0,0,0,0.234,박정환,구장 : 무등,관중 : 525,2002.10.20(일),개시 : 14:00,경기시간 : 4:04,삼성,KIA, , , ,삼진
7,2비, ,4구, ,2비,유비, ,투땅, ,6,1,1,1,0.323,이승엽,구장 : 무등,관중 : 525,2002.10.20(일),개시 : 14:00,경기시간 : 4:04,삼성,KIA, ,1땅, ,중홈
8, ,유땅,사구, ,사구, , , , ,1,0,0,1,0.323,마해영,구장 : 무등,관중 : 525,2002.10.20(일),개시 : 14:00,경기시간 : 4:04,삼성,KIA, , , , 
9, , , , , , ,유땅, ,삼진,4,2,1,1,0.286,조동찬,구장 : 무등,관중 : 525,2002.10.20(일),개시 : 14:00,경기시간 : 4:04,삼성,KIA, ,좌안, ,중홈
10, ,투비,유땅, ,좌홈, , , , ,3,1,3,1,0.311,김한수,구장 : 무등,관중 : 525,2002.10.20(일),개시 : 14:00,경기시간 : 4:04,삼성,KIA, , , , 
11, , , , , , ,2땅, ,삼진,3,0,0,0,0.000,이태호,구장 : 무등,관중 : 525,2002.10.20(일),개시 : 14:00,경기시간 : 4:04,삼성,KIA, ,투희번, ,삼진
12, ,삼진, ,우안,사구, ,투실, ,중비,5,2,0,0,0.276,양준혁,구장 : 무등,관중 : 525,2002.10.20(일),개시 : 14:00,경기시간 : 4:04,삼성,KIA, ,고4, ,중안
13, , ,좌홈,32병,우비, ,좌안, , ,7,2,1,1,0.179,김승권,구장 : 무등,관중 : 525,2002.10.20(일),개시 : 14:00,경기시간 : 4:04,삼성,KIA,삼진,삼진, ,좌비
14, , ,우안,좌안,유비, ,삼진, , ,6,2,0,1,0.227,현재윤,구장 : 무등,관중 : 525,2002.10.20(일),개시 : 14:00,경기시간 : 4:04,삼성,KIA,삼진, ,삼진, 
15, , ,2땅,우안, ,유땅, ,1비, ,6,2,1,0,0.207,김재걸,구장 : 무등,관중 : 525,2002.10.20(일),개시 : 14:00,경기시간 : 4:04,삼성,KIA,중안, ,삼진, 
0,3땅, ,3실, ,투땅, ,투유병,우비, ,7,0,0,1,0.257,이현곤,구장 : 무등,관중 : 525,2002.10.20(일),개시 : 14:00,경기시간 : 4:04,KIA,삼성, ,중비, ,1파
1,4구, ,4구, ,삼진, ,삼진, ,우안,4,1,0,0,0.263,김경언,구장 : 무등,관중 : 525,2002.10.20(일),개시 : 14:00,경기시간 : 4:04,KIA,삼성, ,유땅, , 
2, , , , , , , , , ,1,1,0,0,0.250,오우진,구장 : 무등,관중 : 525,2002.10.20(일),개시 : 14:00,경기시간 : 4:04,KIA,삼성, , , ,우중안
3,우중안, ,좌안, ,중안, , ,우안,고4,6,4,2,1,0.312,정성훈,구장 : 무등,관중 : 525,2002.10.20(일),개시 : 14:00,경기시간 : 4:04,KIA,삼성, ,유땅, ,3땅
4,삼진, ,삼진, ,3땅, , ,좌비,삼진,6,0,0,0,0.255,펨버튼,구장 : 무등,관중 : 525,2002.10.20(일),개시 : 14:00,경기시간 : 4:04,KIA,삼성, , ,투땅, 
5,유땅, ,좌중안, , ,1땅, , , ,3,1,0,0,0.250,장일현,구장 : 무등,관중 : 525,2002.10.20(일),개시 : 14:00,경기시간 : 4:04,KIA,삼성, , , , 
6, , , , , , , ,좌중안, ,1,1,0,1,0.287,김종국,구장 : 무등,관중 : 525,2002.10.20(일),개시 : 14:00,경기시간 : 4:04,KIA,삼성, , , , 
7, , , , , , , , ,2땅,1,0,0,0,0.225,장정석,구장 : 무등,관중 : 525,2002.10.20(일),개시 : 14:00,경기시간 : 4:04,KIA,삼성, , ,4구, 
8, ,유비,삼진, , , , , , ,2,0,0,0,0.261,김민철,구장 : 무등,관중 : 525,2002.10.20(일),개시 : 14:00,경기시간 : 4:04,KIA,삼성, , , , 
9, , , , , ,4구, , , ,0,0,0,0,0.343,장성호,구장 : 무등,관중 : 525,2002.10.20(일),개시 : 14:00,경기시간 : 4:04,KIA,삼성, , , , 
10, , , , , , , ,좌중2,3땅,3,1,1,0,0.227,김태룡,구장 : 무등,관중 : 525,2002.10.20(일),개시 : 14:00,경기시간 : 4:04,KIA,삼성, , ,삼진, 
11, ,투땅, ,3땅, ,삼진, ,좌안, ,6,1,1,1,0.216,김창희,구장 : 무등,관중 : 525,2002.10.20(일),개시 : 14:00,경기시간 : 4:04,KIA,삼성,유직, ,우비, 
12, ,삼진, ,좌비, ,좌비, ,4구, ,5,0,0,0,0.229,김지훈,구장 : 무등,관중 : 525,2002.10.20(일),개시 : 14:00,경기시간 : 4:04,KIA,삼성,삼진, , ,중비
13, , ,중안,삼진, , , , , ,2,1,0,1,0.235,김인철,구장 : 무등,관중 : 525,2002.10.20(일),개시 : 14:00,경기시간 : 4:04,KIA,삼성, , , , 
14, , , , , , ,중안,좌2, ,4,3,2,1,0.311,신동주,구장 : 무등,관중 : 525,2002.10.20(일),개시 : 14:00,경기시간 : 4:04,KIA,삼성,중비, , ,좌중홈
